:020000040800F2
:100000000000052491210008111B0008131B0008A3
:10001000151B0008171B0008191B00080000000032
:1000200000000000000000000000000071880008CF
:100030001B1B0008000000001189000875890008DA
:10004000E1210008E1210008E1210008E121000888
:10005000E1210008E1210008E1210008E121000878
:10006000E1210008E1210008E12100081D1B000832
:100070002D1B00083D1B0008E1210008E1210008BC
:10008000E1210008E1210008E12100084D1B0008E2
:100090005D1B0008E1210008E1210008E1210008C2
:1000A000E1210008E1210008E1210008E121000828
:1000B000E1210008E1210008E1210008E121000818
:1000C000E1210008E1210008E1210008E121000808
:1000D0006D1B0008E1210008E1210008E121000872
:1000E000E1210008E121000800000000E1210008F2
:1000F000E1210008E1210008E1210008E1210008D8
:10010000E1210008E1210008E1210008E1210008C7
:10011000E12100087D1B0008E12100088D1B00087B
:10012000E1210008E1210008E1210008E1210008A7
:10013000E1210008E1210008E1210008E121000897
:1001400000000000000000000000000000000000AF
:10015000E1210008E1210008E1210008E121000877
:10016000E1210008E1210008E1210008E121000867
:10017000E1210008E1210008E12100080000000061
:10018000E1210008E12100089D1B0008E121000891
:10019000E1210008E1210008E1210008E121000837
:1001A000E1210008E1210008E12100080000000031
:1001B000E1210008E1210008E1210008E121000817
:1001C000E1210008E121000800000000000000001B
:1001D0000000000000000000E12100080000000015
:1001E000000000000000000000000000000000000F
:1001F0000000000000000000E1210008E1210008EB
:10020000E1210008E121000800000000E1210008D0
:10021000E1210008E1210008E1210008E1210008B6
:10022000E121000800000000E121000800000000BA
:10023000E1210008E121000800000000E1210008A0
:10024000E1210008E1210008E1210008E121000886
:10025000E1210008E1210008E1210008E121000876
:10026000E1210008E1210008E1210008E121000866
:10027000E1210008E1210008E12100080000000060
:10028000E1210008E1210008E1210008E121000846
:1002900000000000E1210008E1210008000000004A
:1002A00000000000E1210008E1210008E121000830
:1002B000AD1B0008E1210008E1210008BD1B00087A
:0C02C000E1210008E1210008E121000814
:1003000081F0004102E000BF83F0004330B54FEAC6
:1003100041044FEA430594EA050F08BF90EA020F33
:100320001FBF54EA000C55EA020C7FEA645C7FEAC6
:10033000655C00F0E2804FEA5454D4EB5555B8BFE9
:100340006D420CDD2C4480EA020281EA030382EA5A
:10035000000083EA010180EA020281EA0303362DEC
:1003600088BF30BD11F0004F4FEA01314FF4801CBF
:100370004CEA113102D0404261EB410113F0004FD1
:100380004FEA03334CEA133302D0524263EB430388
:1003900094EA050F00F0A780A4F10104D5F1200E26
:1003A0000DDB02FA0EFC22FA05F2801841F1000181
:1003B00003FA0EF2801843FA05F359410EE0A5F155
:1003C00020050EF1200E012A03FA0EFC28BF4CF086
:1003D000020C43FA05F3C01851EBE37101F000453C
:1003E00007D54FF0000EDCF1000C7EEB00006EEB49
:1003F0000101B1F5801F1BD3B1F5001F0CD34908D3
:100400005FEA30004FEA3C0C04F101044FEA445229
:1004100012F5800F80F09A80BCF1004F08BF5FEAB0
:10042000500C50F1000041EB045141EA050130BD90
:100430005FEA4C0C404141EB0101013C28BFB1F5A2
:10044000801FE9D291F0000F04BF01460020B1FAED
:1004500081F308BF2033A3F10B03B3F120020CDAC0
:100460000C3208DD02F1140CC2F10C0201FA0CF09E
:1004700021FA02F10CE002F11402D8BFC2F1200C03
:1004800001FA02F120FA0CFCDCBF41EA0C019040B9
:10049000E41AA2BF01EB0451294330BD6FEA040402
:1004A0001F3C1CDA0C340EDC04F11404C4F12002ED
:1004B00020FA04F001FA02F340EA030021FA04F3FF
:1004C00045EA030130BDC4F10C04C4F1200220FA56
:1004D00002F001FA04F340EA0300294630BD21FA94
:1004E00004F0294630BD94F0000F83F4801306BF5A
:1004F00081F480110134013D4EE77FEA645C18BF4E
:100500007FEA655C29D094EA050F08BF90EA020FE4
:1005100005D054EA000C04BF1946104630BD91EADC
:10052000030F1EBF0021002030BD5FEA545C05D1DF
:100530004000494128BF41F0004130BD14F580041E
:100540003CBF01F5801130BD01F0004545F0FE4192
:1005500041F470014FF0000030BD7FEA645C1ABFC7
:10056000194610467FEA655C1CBF0B46024650EAFE
:10057000013406BF52EA033591EA030F41F400212A
:1005800030BD00BF90F0000F04BF0021704730B5B0
:100590004FF4806404F132044FF000054FF0000185
:1005A00050E700BF90F0000F04BF0021704730B546
:1005B0004FF4806404F1320410F0004548BF40421B
:1005C0004FF000013EE700BF42004FEAE2014FEA70
:1005D00031014FEA02701FBF12F07F4393F07F4F4B
:1005E00081F06051704732F07F4208BF704793F04E
:1005F0007F4F04BF41F40021704730B54FF4607461
:1006000001F0004521F000411CE700BF50EA010263
:1006100008BF704730B54FF000050AE050EA01020C
:1006200008BF704730B511F0004502D5404261EB7C
:1006300041014FF4806404F132045FEA915C3FF4BD
:10064000D8AE4FF003025FEADC0C18BF03325FEA5A
:10065000DC0C18BF033202EBDC02C2F1200300FA0B
:1006600003FC20FA02F001FA03FE40EA0E0021FA30
:1006700002F11444BDE600BF4FEA4102B2F1E0438B
:1006800024BFB3F5001CDCF1FE5C0DD901F0004C79
:100690004FEAC0024CEA5070B2F1004F40EB8300C9
:1006A00008BF20F00100704711F0804F21D113F1F5
:1006B0003872BCBF01F00040704741F480114FEA2E
:1006C0005252C2F11802C2F1200C10FA0CF320FAB7
:1006D00002F018BF40F001004FEAC1234FEAD323D4
:1006E00003FA0CFC40EA0C0023FA02F34FEA43033E
:1006F000CCE77FEA625307D150EA01331EBF4FF0C7
:10070000FE4040F44000704701F0004040F0FE40E1
:1007100040F40000704700BF53B94AB9002908BF30
:1007200000281CBF4FF0FF314FF0FF3000F00CB835
:10073000ADF1080C6DE904CE0AF07AFADDF804E0B8
:10074000DDE9022304B07047704700BF844641EAE8
:10075000000313F003036DD1403A41D351F8043B39
:1007600040F8043B51F8043B40F8043B51F8043B8B
:1007700040F8043B51F8043B40F8043B51F8043B7B
:1007800040F8043B51F8043B40F8043B51F8043B6B
:1007900040F8043B51F8043B40F8043B51F8043B5B
:1007A00040F8043B51F8043B40F8043B51F8043B4B
:1007B00040F8043B51F8043B40F8043B51F8043B3B
:1007C00040F8043B51F8043B40F8043B51F8043B2B
:1007D00040F8043B51F8043B40F8043B403ABDD29A
:1007E000303211D351F8043B40F8043B51F8043B3C
:1007F00040F8043B51F8043B40F8043B51F8043BFB
:1008000040F8043B103AEDD20C3205D351F8043BCA
:1008100040F8043B043AF9D2043208D0D2071CBF96
:1008200011F8013B00F8013B01D30B8803806046BF
:10083000704700BF082A13D38B078DD010F0030335
:100840008AD0C3F10403D21ADB071CBF11F8013BA5
:1008500000F8013B80D331F8023B20F8023B7BE7F4
:10086000043AD9D3013A11F8013B00F8013BF9D21F
:100870000B7803704B7843708B78837060467047B9
:1008800001F0FF01102A2BDB10F0070F08D010F841
:10089000013B013A8B422DD010F0070F42B3F6D145
:1008A000F0B441EA012141EA014122F007047FF05E
:1008B00000070023F0E80256083C85EA010586EAB5
:1008C000010685FA47F5A3FA87F586FA47F6A5FAF1
:1008D00087F68EB9EED1F0BC01F0FF0102F00702FD
:1008E00032B110F8013B013A83EA010313B1F8D1A8
:1008F0000020704701387047002D06BF3546033889
:10090000073815F0010F07D1013015F4807F02BFC1
:10091000013015F4C03F0130F0BC0138704700BF12
:1009200000000000000000000000000000000000C7
:1009300000000000000000000000000000000000B7
:1009400030B490F800F020F007016FF0000C10F0C8
:10095000070491F820F040F048804FF000046FF059
:100960000700D1E9002391F840F000F1080082FA75
:100970004CF2A4FA8CF283FA4CF3A2FA8CF34BBB40
:10098000D1E9022382FA4CF200F10800A4FA8CF2B9
:1009900083FA4CF3A2FA8CF3E3B9D1E9042382FA87
:1009A0004CF200F10800A4FA8CF283FA4CF3A2FA9C
:1009B0008CF37BB9D1E9062301F1200182FA4CF2D4
:1009C00000F10800A4FA8CF283FA4CF3A2FA8CF33B
:1009D000002BC6D0002A04BF04301A4612BAB2FA5D
:1009E00082F200EBD20030BC7047D1E9002304F062
:1009F0000305C4F100004FEAC50514F0040F91F897
:100A000040F00CFA05F562EA05021CBF63EA050333
:100A100062464FF00004AAE770B54FF0FF0C4CF4AB
:100A2000E06C1CEA11541DBF1CEA135594EA0C0F2C
:100A300095EA0C0F00F0DEF82C4481EA030621EA67
:100A40004C5123EA4C5350EA013518BF52EA0335A2
:100A500041F4801143F4801338D0A0FB02CE4FF054
:100A60000005E1FB02E506F00042E0FB03E54FF084
:100A70000006E1FB03569CF0000F18BF4EF0010E7C
:100A8000A4F1FF04B6F5007F64F5407404D25FEA78
:100A90004E0E6D4146EB060642EAC62141EA55512B
:100AA0004FEAC52040EA5E504FEACE2EB4F1FD0C6D
:100AB00088BFBCF5E06F1ED8BEF1004F08BF5FEAEB
:100AC000500E50F1000041EB045170BD06F000469D
:100AD00046EA010140EA020081EA0301B4EB5C044A
:100AE000C2BFD4EB0C0541EA045170BD41F4801142
:100AF0004FF0000E013C00F3AB8014F1360FDEBF67
:100B0000002001F0004170BDC4F10004203C35DA42
:100B10000C341BDC04F11404C4F1200500FA05F3C5
:100B200020FA04F001FA05F240EA020001F0004266
:100B300021F0004110EBD37021FA04F642EB0601DC
:100B40005EEA430E08BF20EAD37070BDC4F10C0406
:100B5000C4F1200500FA04F320FA05F001FA04F2CA
:100B600040EA020001F0004110EBD37041F10001B6
:100B70005EEA430E08BF20EAD37070BDC4F12005C1
:100B800000FA05F24EEA020E20FA04F301FA05F229
:100B900043EA020321FA04F001F0004121FA04F2D1
:100BA00020EA020000EBD3705EEA430E08BF20EAA1
:100BB000D37070BD94F0000F0FD101F000464000DB
:100BC00041EB010111F4801F08BF013CF7D041EA5D
:100BD000060195F0000F18BF704703F00046520061
:100BE00043EB030313F4801F08BF013DF7D043EA32
:100BF0000603704794EA0C0F0CEA135518BF95EAE8
:100C00000C0F0CD050EA410618BF52EA4306D1D16E
:100C100081EA030101F000414FF0000070BD50EA8D
:100C2000410606BF1046194652EA430619D094EA17
:100C30000C0F02D150EA013613D195EA0C0F05D101
:100C400052EA03361CBF104619460AD181EA030155
:100C500001F0004141F0FE4141F470014FF000000D
:100C600070BD41F0FE4141F4780170BD70B54FF0A8
:100C7000FF0C4CF4E06C1CEA11541DBF1CEA135528
:100C800094EA0C0F95EA0C0F00F0A7F8A4EB05040A
:100C900081EA030E52EA03354FEA013100F0888001
:100CA0004FEA03334FF0805545EA131343EA1263CA
:100CB0004FEA022245EA111545EA10654FEA00267F
:100CC0000EF000419D4208BF964244F1FD0404F538
:100CD000407402D25B084FEA3202B61A65EB030594
:100CE0005B084FEA32024FF480104FF4002CB6EB51
:100CF000020E75EB030E22BFB61A754640EA0C00D1
:100D00005B084FEA3202B6EB020E75EB030E22BF10
:100D1000B61A754640EA5C005B084FEA3202B6EB51
:100D2000020E75EB030E22BFB61A754640EA9C0010
:100D30005B084FEA3202B6EB020E75EB030E22BFE0
:100D4000B61A754640EADC0055EA060E18D04FEA9E
:100D5000051545EA16754FEA06164FEAC30343EA3E
:100D600052734FEAC2025FEA1C1CC0D111F4801F0B
:100D70000BD141EA00014FF000004FF0004CB6E704
:100D800011F4801F04BF01430020B4F1FD0C88BFA3
:100D9000BCF5E06F3FF6AFAEB5EB030C04BFB6EBAE
:100DA000020C5FEA500C50F1000041EB045170BDA1
:100DB0000EF0004E4EEA113114EB5C04C2BFD4EBCE
:100DC0000C0541EA045170BD41F480114FF0000E52
:100DD000013C90E645EA060E8DE60CEA135594EACE
:100DE0000C0F08BF95EA0C0F3FF43BAF94EA0C0FD1
:100DF0000AD150EA01347FF434AF95EA0C0F7FF446
:100E000025AF104619462CE795EA0C0F06D152EA99
:100E100003353FF4FDAE1046194622E750EA41067D
:100E200018BF52EA43067FF4C5AE50EA41047FF48E
:100E30000DAF52EA43057FF4EBAE12E74FF0FF3CF3
:100E400006E000BF4FF0010C02E000BF4FF0010CC4
:100E50004DF804CD4FEA410C7FEA6C5C4FEA430C3D
:100E600018BF7FEA6C5C1BD001B050EA410C0CBF8C
:100E700052EA430C91EA030F02BF90EA020F0020EE
:100E8000704710F1000F91EA030F58BF994208BF55
:100E900090422CBFD8176FEAE37040F00100704712
:100EA0004FEA410C7FEA6C5C02D150EA013C07D169
:100EB0004FEA430C7FEA6C5CD6D152EA033CD3D0B4
:100EC0005DF8040B704700BF8446104662468C46AE
:100ED0001946634600E000BF01B5FFF7B7FF0028E1
:100EE00048BF10F1000F01BD4DF808EDFFF7F4FF0A
:100EF0000CBF012000205DF808FB00BF4DF808ED95
:100F0000FFF7EAFF34BF012000205DF808FB00BFB7
:100F10004DF808EDFFF7E0FF94BF012000205DF8D9
:100F200008FB00BF4DF808EDFFF7CEFF94BF01208E
:100F300000205DF808FB00BF4DF808EDFFF7C4FF87
:100F400034BF012000205DF808FB00BF4FEA410CD0
:100F50007FEA6C5C02D150EA013C0AD14FEA430CB3
:100F60007FEA6C5C02D152EA033C02D14FF00000F0
:100F700070474FF0010070474FEA410212F500122E
:100F800015D211D56FF47873B3EB625212D94FEAD0
:100F9000C12343F0004343EA505311F0004F23FABA
:100FA00002F018BF404270474FF00000704750EA0F
:100FB000013005D111F0004008BF6FF000407047CC
:100FC0004FF00000704700BF0348044B834202D03B
:100FD000034B03B11847704714070024140700247B
:100FE000000000000548064B1B1AD90F01EBA301B6
:100FF000491002D0034B03B118477047140700246F
:10100000140700240000000010B5064C237843B9F3
:10101000FFF7DAFF044B13B10448AFF3008001235C
:10102000237010BD1807002400000000E816010816
:1010300008B5054B1BB105490548AFF30080BDE875
:101040000840FFF7CFBF00BF000000001C070024CE
:10105000E816010800B583B0134BD3F8D82042F04E
:101060000102C3F8D820D3F8D83003F0010301936C
:10107000019B002205210B2001F046F90B2001F015
:1010800053F9002205210C2001F03EF90C2001F05B
:101090004BF9002205210D2001F036F90D2001F059
:1010A00043F903B05DF804FB0044025810B516483C
:1010B000164B036000238360C3600374437483741E
:1010C000032444610A2282611D21C16102624462DB
:1010D0008262C1620263436301228263C36320218F
:1010E0000164042242648364C264036542658365CB
:1010F000C36501664366826602F0E8FD00B910BD73
:1011000000F0AEFAFBE700BF7808002400A0004022
:1011100010B51748174B036000238360C360037446
:1011200043748374032444610A2282611D21C161D6
:10113000026244628262C16202634FF4557242638A
:1011400001228263C3632021016404224264836418
:10115000C264036542658365C36501664366826652
:1011600002F0B4FD00B910BD00F07AFAFBE700BF51
:10117000D807002400A4004010B51748174B03609F
:1011800000238360C3600374437483740324446145
:101190000A2282611D21C161026244628262C162CF
:1011A00002634FF4D562426301228263C36320214C
:1011B0000164042242648364C264036542658365FA
:1011C000C36501664366826602F080FD00B910BD0A
:1011D00000F046FAFBE700BF3807002400D40040C7
:1011E00030B5BBB004460021359136913791389126
:1011F0003991B82206A809F0CDFF23686F4A9342BF
:1012000008D06F4A93424BD06E4A934200F08E80D2
:101210003BB030BD4FF400420023CDE906234FF030
:101220008053219306A804F015FA40BB664A136860
:1012300001331360012B25D0644BD3F8E02042F03A
:101240000802C3F8E020D3F8E03003F0080301936C
:10125000019B03233593022336930024379438945B
:101260000923399335A95A4803F00AFA2246052181
:10127000132001F049F8132001F056F8C8E700F0F8
:10128000EFF9D3E7514BD3F8EC2042F48072C3F866
:10129000EC20D3F8EC3003F480730093009BCBE791
:1012A0004FF400420023CDE906234FF080532193F1
:1012B00006A804F0CFF940BB434A1368013313601A
:1012C000012B25D0414BD3F8E02042F00202C3F8B5
:1012D000E020D3F8E03003F002030393039B602384
:1012E0003593022336930024379438940923399395
:1012F00035A9384803F0C4F922460521142001F02D
:1013000003F8142001F010F882E700F0A9F9D3E700
:101310002E4BD3F8EC2042F48072C3F8EC20D3F8C3
:10132000EC3003F480730293029BCBE74FF400424E
:101330000023CDE906234FF08053219306A804F043
:1013400089F948BB204A136801331360012B26D06A
:101350001E4BD3F8E02042F00802C3F8E020D3F897
:10136000E03003F008030593059B4FF44053359399
:10137000022336930024379438940525399535A9EE
:10138000134803F07DF9224629469F2000F0BCFF58
:101390009F2000F0C9FF3BE700F062F9D2E70B4B5A
:1013A000D3F8EC2042F48072C3F8EC20D3F8EC3090
:1013B00003F480730493049BCAE700BF00A00040BD
:1013C00000A4004000D40040340700240044025828
:1013D000000C02580004025808B5012007F0A4F9D7
:1013E000FBE70000034B0360034B0B60802313609B
:1013F000704700BF180B00241809002410B5B8B0BE
:10140000484C0DF1C40CA646BEE80F00ACE80F0036
:101410009EE807008CE80700002131A807F051F989
:10142000414B18600DF1A80C04F11C0EBEE80F0032
:10143000ACE80F009EE807008CE8070000212AA80E
:1014400007F03FF9394B18600DF18C0C04F1380EA0
:10145000BEE80F00ACE80F009EE807008CE807002C
:10146000002123A807F02DF9314B18600DF1700C05
:1014700004F1540EBEE80F00ACE80F009EE8070030
:101480008CE8070000211CA807F01BF9294B186005
:101490000DF1540C04F1700EBEE80F00ACE80F0023
:1014A0009EE807008CE80700002115A807F009F95D
:1014B000214B18600DF1380C04F18C0EBEE80F00C2
:1014C000ACE80F009EE807008CE8070000210EA89A
:1014D00007F0F7F8194B18600DF11C0C04F1A80E79
:1014E000BEE80F00ACE80F009EE807008CE807009C
:1014F000002107A807F0E5F8114B1860EE4604F14B
:10150000C40CBCE80F00AEE80F009CE807008EE8B2
:1015100007000021684607F0D4F80A4B186038B07D
:1015200010BD00BF00170108CC0C0024C80C00241B
:10153000C40C0024C00C0024BC0C0024B80C0024F3
:10154000B40C0024B00C002470B58CB000240794B7
:10155000089409940A940B94384BD3F8E02042F095
:101560001002C3F8E020D3F8E02002F0100201924C
:10157000019AD3F8E02042F00402C3F8E020D3F847
:10158000E02002F004020292029AD3F8E02042F036
:101590008002C3F8E020D3F8E02002F0800203923A
:1015A000039AD3F8E02042F00102C3F8E020D3F818
:1015B000E02002F001020492049AD3F8E02042F005
:1015C0000202C3F8E020D3F8E02002F00202059204
:1015D000059AD3F8E02042F00802C3F8E020D3F8DF
:1015E000E03003F008030693069B154D01224EF2EE
:1015F0000901284603F04EF94FF460430793012692
:10160000089609940A9407A9284603F039F8092393
:1016100007930896099403230A9307A9284603F021
:101620002FF84FF4A05307934FF4881308930994AD
:1016300007A9044803F024F80CB070BD0044025818
:10164000000802580010025808B50268034B9A427D
:1016500000D008BD00F0F4FDFBE700BF001400401F
:1016600072B6FEE700B59DB04C22002109A809F032
:1016700091FD2022002101A809F08CFD022003F039
:101680000FF900230093204B9A6922F440429A619B
:101690009B6903F440430093009B1B4B9B6913F42D
:1016A000005FFAD0012209924FF480330A9302239B
:1016B00012931393149328211591169204221792D2
:1016C00018930C23199300231A931B9309A803F072
:1016D00011F9A8B93F230193032102910023039339
:1016E000082304934023059306934FF480620792E6
:1016F000089301A803F0ECFC20B91DB05DF804FBD1
:10170000FFF7AEFFFFF7ACFF0048025808B5234BC8
:101710005B6913F4003F13D1BFF34F8FBFF36F8F9B
:101720001E4B0022C3F85022BFF34F8FBFF36F8FC1
:101730005A6942F400325A61BFF34F8FBFF36F8F83
:1017400000F050FDFFF78EFFFFF7FEFEFFF782FC73
:1017500000F05AF800F05EFB00F0ECFA00F024F81C
:10176000FFF7A4FCFFF7D4FCFFF706FD00F01EFB1B
:1017700000F084FB08F07CF80028FBD12422084903
:10178000084806F06BFF09F07BF808F0E5FE08F06A
:101790009FFEFFF733FE06F08FFFFEE700ED00E04F
:1017A0005C8A00249011002408B51548154B03608D
:1017B0004FF480034360002383600722C2604FF030
:1017C000007202614FF0807242614FF0806282616C
:1017D0004FF08042C261036243628362C36242632C
:1017E0008363C363036443648364C36403654365C1
:1017F000836504F0EBFE00B908BDFFF731FFFBE79E
:10180000840E00240038004008B51648164B0360CB
:101810004FF4800343604FF4003383600723C360B9
:10182000002303614FF0807242614FF08062826159
:101830004FF08052C261036243628362C3624FF021
:10184000804242638363C363036443648364C36409
:1018500003654365836504F0B9FE00B908BDFFF771
:10186000FFFEFBE7FC0D002400140058F0B5BBB0F0
:101870000446002135913691379138913991B8223B
:1018800006A809F087FC2368634A934205D0634A9F
:10189000934200F08B803BB0F0BD4FF480520023A8
:1018A000CDE9062306A803F0D5FE002875D15C4BD0
:1018B000D3F8E82042F48042C3F8E820D3F8E820C7
:1018C00002F480420192019AD3F8E02042F004022F
:1018D000C3F8E020D3F8E02002F004020292029A5A
:1018E000D3F8E02042F00202C3F8E020D3F8E03061
:1018F00003F002030393039B0623359302273697D5
:101900000025379538950526399635A9454802F0C2
:10191000B7FE4FF40053359336973795389539967F
:1019200035A9414802F0ACFE4048414B03602723F3
:1019300043608560C5604FF48063036145618561E4
:10194000C5614FF440330362456200F001FF38BBCC
:10195000364BE3679C633748374B0360282343606B
:10196000402383600023C3604FF4806202614361BF
:101970008361C3614FF400320262436200F0E8FE0B
:1019800088B92C4BA3679C6300220521242000F01A
:10199000BBFC242000F0C8FC7DE7FFF761FE86E772
:1019A000FFF75EFED4E7FFF75BFEEAE74FF4804205
:1019B0000023CDE906234FF0A043319306A803F09E
:1019C00049FE30BB164BD3F8F42042F02002C3F896
:1019D000F420D3F8F42002F020020492049AD3F801
:1019E000E02042F00102C3F8E020D3F8E03003F039
:1019F00001030593059BA02335930223369300230F
:101A0000379338930823399335A90C4802F038FEF0
:101A100041E7FFF725FED5E70038004000140058E5
:101A2000004402580008025800040258840D0024A3
:101A3000100002400C0D0024280002400000025853
:101A400000B583B00A4BD3F8F42042F00202C3F889
:101A5000F420D3F8F43003F002030193019B002239
:101A60000F216FF0010000F04FFC03B05DF804FBA4
:101A7000004402580F2801D90120704710B58AB0E0
:101A8000044600220146372000F03EFC372000F0DB
:101A90004BFC1A4B1C601A4BD3F8E82042F0200292
:101AA000C3F8E820D3F8E83003F020030093009B4C
:101AB00001A902A803F09CFC079BBBB903F074FCCE
:101AC0000346104AA2FB03239B0C013B0E480F4A1E
:101AD000026040F2E732C26043600023036183602A
:101AE00005F0C2FC30B101200AB010BD03F05CFC6F
:101AF0004300E6E7044805F00DFBF5E71C00002471
:101B00000044025883DE1B430C0F002400140040E5
:101B1000FEE7FEE7FEE7FEE7FEE7704708B502488E
:101B200001F008FC08BD00BF840D002408B5024880
:101B300001F000FC08BD00BF0C0D002408B50248F0
:101B400001F0F8FB08BD00BF5C0F002408B5024897
:101B500002F006FC08BD00BF7808002408B5024862
:101B600002F0FEFB08BD00BFD807002408B50248FC
:101B700005F0AEF908BD00BF840E002408B5024888
:101B800005F036FD08BD00BF9011002408B50248DD
:101B900005F014FB08BD00BF0C0F002408B5024877
:101BA00005F026FD08BD00BFFC10002408B5024862
:101BB00005F01EFD08BD00BFD40F002408B5024883
:101BC00002F0CEFB08BD00BF38070024012070479B
:101BD00008B509F0BBFB162303604FF0FF3008BDCA
:101BE00008B54FF0FF31FFF7F3FFFEE770B50C4685
:101BF0001646002506E0AFF30080214601F8010BF0
:101C000001350C46B542F6DB304670BD70B50C466A
:101C10001646002504E014F8010BAFF300800135EF
:101C2000B542F8DB304670BD4FF0FF3070474FF4DF
:101C300000534B6000207047012070470020704720
:101C400010B503460C4A0D490D48006840B10C48D8
:101C500000680344521A934206D8094A136010BD23
:101C60000748084C0460F2E709F070FB0C2303609E
:101C70004FF0FF30F3E700BF000005240004000030
:101C8000580F0024A08E0024224AD2F8883043F452
:101C90007003C2F88830204B1B6803F00F03062B3B
:101CA00006D81D4A136823F00F0343F0070313609F
:101CB0001A4B1A6842F001021A6000221A61196870
:101CC000174A0A401A60144B1B6813F0080F06D01D
:101CD000114A136823F00F0343F0070313600F4BFF
:101CE00000229A61DA611A620E4999620E49D9623C
:101CF0000E4919635A639963DA6319645A6419685F
:101D000021F4802119601A66094B43F2D2021A604D
:101D1000704700BF00ED00E0002000520044025870
:101D20007FEDF6EA000202020000FF0180020101DD
:101D30000040005208B51A481A4B03601A4B436022
:101D40004FF4805383604FF40053C3604FF48063BB
:101D500003610C23436100238361C3610362436217
:101D6000836206F05EFB70B900210D4806F02CFC82
:101D700060B900210A4806F04CFC50B9084806F04A
:101D800004FC48B908BDFFF76BFCEDE7FFF768FC02
:101D9000EFE7FFF765FCF1E7FFF762FCF2E700BF52
:101DA0009011002400500040A086010008B517489B
:101DB000174B03604FF4E133436000238360C3603B
:101DC00003610C2242618361C361036243628362E7
:101DD00006F027FB70B900210C4806F0F5FB60B94E
:101DE00000210A4806F015FC50B9084806F0CDFB62
:101DF00048B908BDFFF734FCEDE7FFF731FCEFE72A
:101E0000FFF72EFCF1E7FFF72BFCF2E7FC100024B4
:101E10000078004008B51748174B03604FF4612362
:101E2000436000238360C36003610C2242618361CD
:101E3000C36103624362836206F0F3FA70B9002162
:101E40000C4806F0C1FB60B900210A4806F0E1FB2E
:101E500050B9084806F099FB48B908BDFFF700FCE7
:101E6000EDE7FFF7FDFBEFE7FFF7FAFBF1E7FFF721
:101E7000F7FBF2E7681000240010014008B517488E
:101E8000174B03604FF4E133436000238360C3606A
:101E900003610C2242618361C36103624362836216
:101EA00006F0BFFA70B900210C4806F08DFB60B94E
:101EB00000210A4806F0ADFB50B9084806F065FB62
:101EC00048B908BDFFF7CCFBEDE7FFF7C9FBEFE72B
:101ED000FFF7C6FBF1E7FFF7C3FBF2E7D40F0024DF
:101EE000001C0140F0B5BFB00446002139913A9181
:101EF0003B913C913D91B8220AA809F04BF9236827
:101F0000984A93420CD0984A934276D0974A93428B
:101F100000F0AE80964A934200F0DD803FB0F0BD05
:101F200002220023CDE90A230AA803F093FB00282C
:101F30005DD1904BD3F8E82042F48012C3F8E8203A
:101F4000D3F8E82002F480120192019AD3F8E0203D
:101F500042F00402C3F8E020D3F8E02002F00402CB
:101F60000292029AD3F8E02042F00802C3F8E0207F
:101F7000D3F8E03003F008030393039B4FF480533E
:101F8000399302273A9700253B953C9508263D96C4
:101F900039A9794802F074FB042339933A973B95A9
:101FA0003C953D9639A9754802F06AFB7448754B1B
:101FB0000360412343608560C5604FF48063036123
:101FC00045618561C5614FF440330362456200F0AD
:101FD000BFFB78B96A4BC4F880309C6300220521AE
:101FE000352000F091F9352000F09EF996E7FFF7D3
:101FF00037FB9EE7FFF734FBECE702220023CDE935
:102000000A230AA803F026FB78BB5A4BD3F8E82032
:1020100042F08042C3F8E820D3F8E82002F0804282
:102020000492049AD3F8E02042F01002C3F8E020B2
:10203000D3F8E03003F010030593059B4FF4C07311
:10204000399302233A9300243B943C9407233D9315
:1020500039A94D4802F014FB22460521522000F018
:1020600053F9522000F060F958E7FFF7F9FACCE78E
:1020700001220023CDE90A230AA803F0EBFA38BBBA
:102080003C4BD3F8F02042F01002C3F8F020D3F814
:10209000F02002F010020692069AD3F8E02042F0F7
:1020A0000102C3F8E020D3F8E03003F00103079306
:1020B000079B4FF4C063399302233A9300233B9369
:1020C0003C9307233D9339A9304802F0D9FA25E71C
:1020D000FFF7C6FAD4E701220023CDE90A230AA8B4
:1020E00003F0B8FA002839D1224BD3F8F02042F09F
:1020F0008002C3F8F020D3F8F02002F080020892AA
:10210000089AD3F8E02042F01002C3F8E020D3F898
:10211000E03003F010030993099B0423399302264E
:102120003A9600243B943C943D93174D39A9284698
:1021300002F0A6FA082339933A963B943C940B2379
:102140003D9339A9284602F09BFA224605219C209E
:1021500000F0DAF89C2000F0E7F8DFE6FFF780FAFD
:10216000C2E700BF0050004000780040001001406E
:10217000001C01400044025800080258000C02589C
:102180005C0F00244000024000100258000002587A
:10219000DFF834D0FFF778FD0C480D490D4A0023D5
:1021A00002E0D458C4500433C4188C42F9D30A4A0C
:1021B0000A4C002301E013600432A242FBD309F071
:1021C000CBF8FFF7A3FA70470000052400000024B5
:1021D00014070024541D0108180700249C8E0024B5
:1021E000FEE7000010B5032000F07CF802F074FE5A
:1021F0000F498B69C3F303230E4AD35C03F01F031B
:10220000D8408B6903F00F03D35C03F01F0320FA5F
:1022100003F3094A1360094B18600F20FFF72AFCEB
:1022200010B10124204610BD0446FFF709FCF9E770
:1022300000440258381A0108100000241400002439
:10224000034B1B78034A11680B441360704700BFAF
:102250001800002424120024014B1868704700BFA6
:1022600024120024002807DB00F01F02400901238C
:102270009340024A42F82030704700BF00E100E07E
:10228000002804DB0901C9B2044B1954704700F05F
:102290000F000901C9B2024B1954704700E400E075
:1022A00014ED00E000B500F00700C0F1070CBCF130
:1022B000040F28BF4FF0040C031D062B0FD9C31EBB
:1022C0004FF0FF3E0EFA0CF021EA000199400EFAA1
:1022D00003FE22EA0E0241EA02005DF804FB00233D
:1022E000EEE700000649CB6823F4E0631B041B0CF7
:1022F000000200F4E0600343024A1A43CA607047D8
:1023000000ED00E00000FA0510B50446054BD86862
:10231000C0F30220FFF7C6FF01462046FFF7B0FFDB
:1023200010BD00BF00ED00E008B5FFF79BFF08BD42
:10233000F0B4876D0468664E664DAC4218BFB44277
:1023400042D01835AC423FD01835AC423CD018359D
:10235000AC4239D01835AC4236D01835AC4233D007
:102360001835AC4230D005F55675AC422CD0183536
:10237000AC4229D01835AC4226D01835AC4223D017
:102380001835AC4220D01835AC421DD01835AC42BF
:102390001AD01835AC4217D04F4DAC4214D014357A
:1023A000AC4211D01435AC420ED01435AC420BD037
:1023B0001435AC4208D01435AC4205D01435AC42CB
:1023C00002D01435AC4207D1446E856E6560C46E90
:1023D00014B1046F456F656004683D4E3D4DAC42DD
:1023E00018BFB44252D01835AC424FD01835AC4269
:1023F0004CD01835AC4249D01835AC4246D01835CF
:10240000AC4243D01835AC4240D005F55675AC42CD
:102410003CD01835AC4239D01835AC4236D01835DE
:10242000AC4233D01835AC4230D01835AC422DD048
:102430001835AC422AD01835AC4227D0264E274D4D
:10244000AC4218BFB44211D0254DAC420ED0143569
:10245000AC420BD01435AC4208D01435AC4205D098
:102460001435AC4202D01435AC4224D1C46D04F012
:102470001F050124AC407C60046863608368402BC6
:1024800020D0036899600368DA6014E0C46D04F03A
:102490001F0C3F2404FA0CF4BC6005682C6824F47B
:1024A00080242C60046863608368402B05D0036837
:1024B00099600368DA60F0BC704703689A6003684B
:1024C000D960F8E703689A600368D960F3E700BF52
:1024D0001000024028000240085402581C540258C0
:1024E0003054025803682749274A934218BF8B4249
:1024F0002FD0183293422CD01832934229D0183260
:10250000934226D01832934223D01832934220D0DF
:10251000183293421DD002F55672934219D01832E8
:10252000934216D01832934213D01832934210D0EF
:10253000183293420DD0183293420AD01832934287
:1025400007D01832934204D023F0FF038365806DD7
:10255000704710B4D9B210390C4AA2FB0142C2F341
:1025600002120B4CA25CC2655F2907D96FF3090305
:1025700004338365806D5DF8044B70476FF3090386
:102580008365F7E71000024028000240ABAAAAAA20
:10259000481A010883699BB9836A012B0AD0022B70
:1025A00002D00BB100207047C36A13F0807F2AD19C
:1025B00000207047C36AB3F1C07F26D00020704767
:1025C000B3F5005F0AD0836A022B26D9032B26D1EC
:1025D000C36A13F0807F24D100207047836A032BE5
:1025E00003D8DFE803F01404140A00207047C36A1C
:1025F00013F0807F0DD100207047C36AB3F1C07F14
:1026000009D0002070470120704701207047012049
:10261000704701207047012070470120704700205B
:10262000704701207047000003682149214A934206
:1026300018BF8B4227D01432934224D014329342D5
:1026400021D0143293421ED0143293421BD0143244
:10265000934218D01432934215D0DAB2103A164988
:10266000A1FB0212120915491944A8291ED9144BBD
:1026700013449B000366134B436602F01F020123C1
:10268000934083667047DBB2083B0F4AA2FB0323EB
:102690000E4A02EB1312920002660D4A4266C3F321
:1026A0000413012202FA03F3836670470832DEE75F
:1026B000085402581C540258ABAAAAAAF0FBFDBF4A
:1026C0000082001080080240CDCCCCCC00960016D1
:1026D0008058025801794A1E072A2BD830B4036863
:1026E000154D164CA34218BFAB4218D01434A34268
:1026F00015D01434A34212D01434A3420FD0143492
:10270000A3420CD01434A34209D01434A34206D0FF
:102710000B4B0B449B00C3660A4B036705E00A4B57
:102720000B449B00C366094B036701239340436737
:1027300030BC7047704700BF085402581C54025800
:102740003F820010400902403F960016405902584F
:1027500070B50446FFF780FD002C00F0B7810546F8
:1027600023685349534A934218BF8B420CBF01213F
:10277000002150D0183293424DD0183293424AD0A3
:102780001832934247D01832934244D018329342C1
:1027900041D0183293423ED002F5567293423AD05D
:1027A0001832934237D01832934234D018329342C1
:1027B00031D0183293422ED0183293422BD0183297
:1027C000934228D01832934225D03B493B4A93424A
:1027D00018BF8B4200F03281394A934200F02E81BB
:1027E0001432934200F02A811432934200F0268181
:1027F0001432934200F022811432934200F01E8181
:102800001432934200F01A8140236365032384F855
:10281000353001204AE0022284F83520002284F875
:10282000342079BB274A93422CD01832934229D0C6
:102830001832934226D01832934223D01832934252
:1028400020D0183293421DD002F55672934219D00F
:102850001832934216D01832934213D01832934252
:1028600010D0183293420DD0183293420AD0183249
:10287000934207D01832934204D01A6822F0010222
:102880001A6003E01A6822F001021A6023681A68CD
:1028900012F0010F18D0FFF7DFFC431B052BF5D911
:1028A00020236365032384F83530012070BD00BF09
:1028B0001000024028000240085402581C540258DC
:1028C00030540258400002401A6881491140A26801
:1028D000E06802432069024360690243A069024341
:1028E000E0690243206A02430A43616A042900F056
:1028F00090806168522900F296803F29C0F08E8056
:102900003F39744820FA01F111F0010F01D042F46F
:1029100080121A602668756925F00705636A1D43F1
:10292000042B08D1A36A1D43E36A23B12046FFF7B5
:1029300031FE00287CD175612046FFF7D3FDE36DA1
:1029400003F01F023F239340836023686249634A78
:10295000934218BF8B4242D0183293423FD0183274
:1029600093423CD01832934239D01832934236D039
:102970001832934233D01832934230D002F5567257
:1029800093422CD01832934229D01832934226D049
:102990001832934223D01832934220D018329342F7
:1029A0001DD0183293421AD01832934217D04C4A95
:1029B000934214D01432934211D0143293420ED069
:1029C000143293420BD01432934208D01432934203
:1029D00005D01432934202D01432934213D12046D0
:1029E000FFF722FEA368802B63D0236E22791A6042
:1029F000636EA26E5A606368013B072B5CD90023AB
:102A0000E3662367636700206065012384F835303F
:102A10004CE7E16A206B01430A436AE7293905293B
:102A20003FF677AF73E7743903293FF672AF6EE76D
:102A300040236365012084F8350037E7022284F8DB
:102A40003520002284F8342019686FF31011A26831
:102A5000402A2CD0802A27D00022E06842EAD00207
:102A6000206942EAD002606942EAD002A06942EAE3
:102A7000D002E06942EAD002206A42EA10120A4318
:102A80001A602268174B1344174AA2FB03231B0941
:102A90009B00E3652046FFF725FDE26D02F01F0174
:102AA00001228A40426050E74FF48042D5E710226D
:102AB000D3E70023636098E72046FFF70BFEE36E41
:102AC00000221A60236F626F5A609CE70120EDE6D6
:102AD0003F8010FE0F030F0010000240280002404C
:102AE00008540258F8ABFDA7CDCCCCCC002800F0A0
:102AF0003E8170B5044690F83400012800F0398119
:102B0000012084F8340094F83500C0B2012807D0C1
:102B10004FF400636365002384F83430012070BDF6
:102B2000022084F83500002060652068924E934DA5
:102B3000A84218BFB0422FD01835A8422CD0183563
:102B4000A84229D01835A84226D01835A84223D04B
:102B50001835A84220D01835A8421DD005F5567565
:102B6000A84219D01835A84216D01835A84213D05B
:102B70001835A84210D01835A8420DD01835A842F3
:102B80000AD01835A84207D01835A84204D00568E5
:102B900025F00105056003E0056825F001050560E5
:102BA0002046FFF7C5FB23687349744A934218BF58
:102BB0008B4238D01832934235D01832934232D0FB
:102BC000183293422FD0183293422CD018329342AD
:102BD00029D01832934226D002F55672934222D061
:102BE000183293421FD0183293421CD018329342AD
:102BF00019D01832934216D01832934213D018329B
:102C0000934210D0183293420DD01A6822F00E026F
:102C100042F00A021A60236C93B12268136843F0F1
:102C2000040313600CE01A6822F01E0242F0160240
:102C30001A60236C23B12268136843F00803136001
:102C400023684D494D4A934218BF8B4242D01832F7
:102C500093423FD0183293423CD01832934239D03D
:102C60001832934236D01832934233D018329342FE
:102C700030D002F5567293422CD01832934229D0AC
:102C80001832934226D01832934223D018329342FE
:102C900020D0183293421DD0183293421AD01832E5
:102CA000934217D0364A934214D01432934211D033
:102CB000143293420ED0143293420BD0143293420A
:102CC00008D01432934205D01432934202D0143209
:102CD00093420ED1236E1A6812F4803F03D01A6813
:102CE00042F480721A60E36E1BB11A6842F480727B
:102CF0001A6023682049214A934218BF8B4230D082
:102D0000183293422DD0183293422AD0183293426F
:102D100027D01832934224D01832934221D018324F
:102D200093421ED002F5567293421AD01832934243
:102D300017D01832934214D01832934211D018325F
:102D400093420ED0183293420BD01832934208D0DF
:102D50001832934205D01A6842F001021A6000202E
:102D6000DDE61A6842F001021A600020D7E6012071
:102D700070470220D3E600BF100002402800024046
:102D80000854025870B50446FFF766FA002C00F0AC
:102D90009181054694F83530DBB2022B06D08023B2
:102DA0006365002384F83430012070BD23688C49AA
:102DB0008C4A934218BF8B4230D0183293422DD0A8
:102DC000183293422AD01832934227D018329342B5
:102DD00024D01832934221D0183293421ED002F5EB
:102DE000567293421AD01832934217D01832934237
:102DF00014D01832934211D0183293420ED01832A8
:102E000093420BD01832934208D01832934205D027
:102E10001A6822F00E021A60266809E01A6822F089
:102E20001E021A602268536923F0800353612668EA
:102E300023686B496B4A934218BF8B4242D01832C9
:102E400093423FD0183293423CD01832934239D04B
:102E50001832934236D01832934233D0183293420C
:102E600030D002F5567293422CD01832934229D0BA
:102E70001832934226D01832934223D0183293420C
:102E800020D0183293421DD0183293421AD01832F3
:102E9000934217D0544A934214D01432934211D023
:102EA000143293420ED0143293420BD01432934218
:102EB00008D01432934205D01432934202D0143217
:102EC000934204D1226E136823F480731360236845
:102ED0004349444A934218BF8B422FD01832934241
:102EE0002CD01832934229D01832934226D018326F
:102EF000934223D01832934220D0183293421DD0EF
:102F000002F55672934219D01832934216D01832F5
:102F1000934213D01832934210D0183293420DD0FE
:102F2000183293420AD01832934207D01832934293
:102F300004D01A6822F001021A6003E01A6822F035
:102F400001021A60336813F0010F0ED0FFF784F905
:102F5000431B052BF6D920236365032384F8353002
:102F6000002384F8343001201FE723681C491D4AE0
:102F7000934218BF8B4239D01832934236D0183260
:102F8000934233D01832934230D0183293422DD02E
:102F9000183293422AD01832934227D002F5567243
:102FA000934223D01832934220D0183293421DD03E
:102FB000183293421AD01832934217D018329342E3
:102FC00014D01832934211D0183293420ED0A16D12
:102FD000E36D03F01F02012393404B600DE000BF3F
:102FE000100002402800024008540258A16DE36D11
:102FF00003F01F023F2393408B6023682E492F4A22
:10300000934218BF8B4242D0183293423FD01832BD
:1030100093423CD01832934239D01832934236D082
:103020001832934233D01832934230D002F55672A0
:1030300093422CD01832934229D01832934226D092
:103040001832934223D01832934220D01832934240
:103050001DD0183293421AD01832934217D0184A12
:10306000934214D01432934211D0143293420ED0B2
:10307000143293420BD01432934208D0143293424C
:1030800005D01432934202D0143293420BD1636EB6
:10309000A26E5A60E36E33B11A6822F480721A602D
:1030A000236F626F5A60012384F83530002084F862
:1030B00034007AE6012078E6100002402800024041
:1030C00008540258002800F0288108B5024690F8FC
:1030D0003530DBB2022B03D080234365012008BDCD
:1030E0000368904890498B4218BF83420CBF01206F
:1030F000002065D018318B4262D018318B425FD0EE
:1031000018318B425CD018318B4259D018318B4228
:1031100056D018318B4253D001F556718B424FD0A7
:1031200018318B424CD018318B4249D018318B4228
:1031300046D018318B4243D018318B4240D01831E1
:103140008B423DD018318B423AD0196821F00E01E4
:1031500019601368734874498B4218BF83426AD060
:1031600072498B4267D018318B4264D018318B4240
:1031700061D018318B425ED018318B425BD0183150
:103180008B4258D001F556718B4254D018318B4286
:1031900051D018318B424ED018318B424BD0183160
:1031A0008B4248D018318B4245D018318B4242D0E7
:1031B00018318B423FD0196821F0010119603EE0BF
:1031C000042182F8351080BB584A93422DD0183222
:1031D00093422AD01832934227D01832934224D0F7
:1031E0001832934221D0183293421ED002F5567203
:1031F00093421AD01832934217D01832934214D007
:103200001832934211D0183293420ED018329342A2
:103210000BD01832934208D01832934205D01A6866
:1032200022F001021A60002059E71A6822F0010218
:103230001A60002053E7196821F001011960136832
:10324000384839498B4218BF834242D018318B42EB
:103250003FD018318B423CD018318B4239D01831D5
:103260008B4236D018318B4233D018318B4230D05C
:1032700001F556718B422CD018318B4229D0183170
:103280008B4226D018318B4223D018318B4220D06C
:1032900018318B421DD018318B421AD018318B4215
:1032A00017D023498B4214D014318B4211D01431E2
:1032B0008B420ED014318B420BD014318B4208D08C
:1032C00014318B4205D014318B4202D014318B4221
:1032D00017D1116E0B6823F480730B60906DD36D62
:1032E00003F01F0101238B404360536E916E5960C0
:1032F000D36E33B1196821F480711960136F516F67
:103300005960012382F83530002382F83430136D80
:103310002BB1104698470020E1E6012070470020BD
:10332000DDE600BF100002402800024040000240DD
:1033300008540258F0B583B00446002301937D4B36
:103340001D687D4BA3FB0535AD0A876D3E68D7F838
:1033500000C0036879497A48834218BF8B420CBF8A
:103360000120002061D0774A93425ED01832934208
:103370005BD01832934258D01832934255D018324D
:10338000934252D0183293424FD002F55672934274
:103390004BD01832934248D01832934245D018325D
:1033A000934242D0183293423FD0183293423CD0DD
:1033B0001832934239D01832934236D06249634A68
:1033C000934218BF8B4212D0614A93420FD01432FD
:1033D00093420CD01432934209D01432934206D057
:1033E0001432934203D01432934240F061821A683F
:1033F000E16D01F01F010420884010EA0C0F00F07D
:10340000A78212F0040F00F0A382786012F4004F3C
:1034100000F05A8212F4803F40F05082A36C002BDF
:1034200000F046822046984742E2E26D02F01F011A
:1034300008228A40324241D070BB424A93422BD08C
:103440001832934228D01832934225D01832934232
:1034500022D0183293421FD0183293421CD002F56A
:103460005672934218D01832934215D018329342B4
:1034700012D0183293420FD0183293420CD0183227
:10348000934209D01832934206D01832934203D0A7
:103490001A68C2F3C00202E01A68C2F380026AB17D
:1034A0001A6822F004021A60E36D03F01F02082379
:1034B0009340BB60636D43F001036365E26D02F00E
:1034C0001F0226FA02F313F0010F47D023681B48AE
:1034D0001B498B4218BF83423CD018318B4239D0F4
:1034E00018318B4236D018318B4233D018318B4291
:1034F00030D018318B422DD018318B422AD001F5B3
:1035000056718B4226D018318B4223D018318B4212
:1035100020D018318B421DD018318B421AD018316F
:103520008B4217D018318B4214D018318B4211D0F6
:103530001B6813E014000024B5814E1B10000240EC
:103540002800024040000240085402581C5402580F
:10355000305402585B6913F0800F3BD1E36D03F0E8
:103560001F03042202FA03F333423FD02268964835
:1035700096498A4218BF824234D018318A4231D0EB
:1035800018318A422ED018318A422BD018318A4203
:1035900028D018318A4225D018318A4222D001F52C
:1035A00056718A421ED018318A421BD018318A4285
:1035B00018D018318A4215D018318A4212D01831E9
:1035C0008A420FD018318A420CD018318A4209D071
:1035D00013680BE001239340BB60636D43F002036B
:1035E0006365BBE7126812F0020F3DD1E36D03F093
:1035F0001F03102202FA03F333425FD0226872489D
:1036000072498A4218BF824234D018318A4231D07E
:1036100018318A422ED018318A422BD018318A4272
:1036200028D018318A4225D018318A4222D001F59B
:1036300056718A421ED018318A421BD018318A42F4
:1036400018D018318A4215D018318A4212D0183158
:103650008A420FD018318A420CD018318A4209D0E0
:103660001268C2F3800208E0BB60636D43F004039C
:103670006365BBE71268C2F3C002FAB1BB6023689E
:103680001A6812F4802F0DD01B6813F4002F04D198
:10369000236C9BB12046984710E0A36C73B1204681
:1036A00098470BE01A6812F4807F03D11A6822F061
:1036B00008021A60236C0BB120469847E36D03F0B3
:1036C0001F03202202FA03F3334200F093802268A2
:1036D0003D483E498A4218BF82422ED018318A4264
:1036E0002BD018318A4228D018318A4225D018317F
:1036F0008A4222D018318A421FD018318A421CD007
:1037000001F556718A4218D018318A4215D0183105
:103710008A4212D018318A420FD018318A420CD016
:1037200018318A4209D018318A4206D018318A42AB
:1037300003D01268C2F3400202E01268C2F3001222
:10374000002A57D0BB6094F83530DBB2042B0ED082
:1037500023681A6812F4802F3AD01B6813F4002FE4
:103760002DD1636C002B45D02046984742E022685B
:10377000136823F0160313602268536923F0800353
:103780005361236CBBB12268136823F008031360F4
:10379000E36D03F01F023F239340BB60012384F8D5
:1037A0003530002384F83430236D002B00F0808006
:1037B000204698477CE0A36C002BE4D1E8E7E36B5C
:1037C000C3B12046984715E010000240280002408F
:1037D0001A6812F4807F09D11A6822F010021A6068
:1037E000012384F83530002384F83430E36B0BB1C7
:1037F00020469847636D002B5AD0636D13F0010F7C
:1038000052D0042384F8353023689649964A93426F
:1038100018BF8B422FD0183293422CD018329342CB
:1038200029D01832934226D01832934223D018322E
:10383000934220D0183293421DD002F55672934223
:1038400019D01832934216D01832934213D018323E
:10385000934210D0183293420DD0183293420AD0BE
:103860001832934207D01832934204D01A6822F0DB
:1038700001021A6003E01A6822F001021A60019B3B
:1038800001330193AB4204D823681B6813F0010F86
:10389000F5D123681B6813F0010F0BD0032384F8C4
:1038A0003530002384F83430E36C0BB12046984760
:1038B00003B0F0BD012384F83530F2E7236C002B10
:1038C000F6D020469847F3E712F0200F3AD123684C
:1038D0006449654A934218BF8B422FD018329342F5
:1038E0002CD01832934229D01832934226D0183265
:1038F000934223D01832934220D0183293421DD0E5
:1039000002F55672934219D01832934216D01832EB
:10391000934213D01832934210D0183293420DD0F4
:10392000183293420AD01832934207D01832934289
:1039300004D01A6822F004021A6003E01A6822F028
:1039400008021A60236C002BB2D020469847AFE7DC
:103950000220884010EA0C0F60D012F0020F5DD0F8
:10396000786012F4004F0ED012F4803F05D1636CE2
:10397000002B9DD0204698479AE7E36B002B97D009
:103980002046984794E712F0200F40D1236835492C
:10399000354A934218BF8B422FD0183293422CD015
:1039A0001832934229D01832934226D018329342CB
:1039B00023D01832934220D0183293421DD002F502
:1039C0005672934219D01832934216D0183293424D
:1039D00013D01832934210D0183293420DD01832BF
:1039E00093420AD01832934207D01832934204D03F
:1039F0001A6822F00A021A6003E01A6822F0140220
:103A00001A60012384F83530002384F83430E36BE6
:103A1000002B3FF44DAF2046984749E7082000FAB5
:103A200001F111EA0C0F3FF443AF12F0080F3FF41D
:103A30003FAF1A6822F00E021A60E36D03F01F0315
:103A4000012202FA03F37B60626584F835200023CB
:103A500084F83430E36C002B3FF42AAF20469847BB
:103A600026E700BF100002402800024030B4416B3E
:103A70000468D4F884306F4A134043EA8103C4F8E1
:103A800084300468D4F8843023F47F03856B43EAE0
:103A90000543C4F88430836B0B440468D4F8881061
:103AA000114041EA8301C4F888100468D4F88810F2
:103AB00021F4FE01C56B41EA0541C4F88810C16BD1
:103AC00003EB41030468D4F8A010114041EA8301DC
:103AD000C4F8A0100468D4F8A01021F4FE01056C0D
:103AE00041EA0541C4F8A010016C446C04FB0133A9
:103AF0000468D4F8B010114041EA8301C4F8B01052
:103B00000468D4F8B01021F4FE01856C41EA054147
:103B1000C4F8B010816CC46C04FB01330468D4F8A1
:103B2000AC10114041EA8301C4F8AC10016D446D42
:103B300004FB01330468D4F8F010114041EA83011A
:103B4000C4F8F0100468D4F8F01021F47C11856DED
:103B500041EA0541C4F8F010816D03EB41030468AC
:103B6000D4F8C0100A4042EA8303C4F8C0300268A7
:103B7000D2F8C03023F47C13C16D43EA0143C2F88C
:103B8000C0300268D2F8C03023F07C53016E43EAA3
:103B90000163C2F8C030436B274A1A449200C266E0
:103BA000836B02EB83030367C16B03EBC1034367C2
:103BB000016C446C04FB01F103EB81038367816CAE
:103BC000C46C04FB01F103EB8103C367016D446D19
:103BD00004FB01F103EB8103C0F88030816D03EB3E
:103BE000C103C0F88430816EC46D01FB04FC03EB9B
:103BF0008C03C0F88830046E04FB01F103EB8103F1
:103C0000C0F890300D498B420DD9D0F89C3043F06C
:103C10002003C0F89C30032380F89830012007E08F
:103C2000002342F8043BD0F890309342F8D80020AB
:103C300030BC70470300FFFF002B0010FCD3004096
:103C400070B54C68FCB90D698C6825430C6845EA71
:103C500084450E6ACC6944EA06648E6934434E6931
:103C60003443CE6844EA0644D0F88460806E00FB9A
:103C700003F306EB830E46F82350CEF804400EF112
:103C8000080E002019E00C698D6825430C68254357
:103C900045F08045DDE702EB000C9CF803409CF802
:103CA00002301B0443EA04639CF8014043EA042306
:103CB000145C23434EF8043B0430CB68024CE35CB5
:103CC0008342E8D870BD00BF501A010830B595B0E6
:103CD00004464C22A04901A8FCF738FD002C00F056
:103CE000388123689D4A934220D094F898300BB3D2
:103CF0002268936923F010039361FEF7ADFA05463D
:103D000023689A6912F0080F1AD0FEF7A5FA431B30
:103D10000A2BF5D9D4F89C3043F00103C4F89C3049
:103D2000032384F89830012015B030BD03F580736B
:103D30006360DAE784F899302046FDF751FAD7E757
:103D40009A6942F001029A61FEF786FA05462368F5
:103D50009A6912F0010F0FD1FEF77EFA401B0A2874
:103D6000F5D9D4F89C3043F00103C4F89C30032308
:103D700084F898300120D7E79A6942F002029A61EC
:103D8000237C012B40D02268936943F04003936168
:103D9000637C012B3ED02268936923F480439361B6
:103DA000A37C012B3CD02268936943F48053936138
:103DB0002268936923F44073A1680B4393612268DE
:103DC000936923F0A40393612268136923F010031D
:103DD0001361E368012B29D0002B2CD0022B00F0BB
:103DE0009B802268936943F0800393612268136982
:103DF00043F010031361E368032B1CD1226893691D
:103E000043F02003936116E02268936923F0400396
:103E10009361BDE72268936943F480439361BFE7F0
:103E20002268936923F480539361C1E72268936900
:103E300043F004039361A3695A1EE369013B1B022B
:103E400043EA4263226A013A13436269013A2168F4
:103E500043EA0243CB61A368B3F5407F62D0236E8F
:103E600033B12268D2F8C030616E0B43C2F8C03063
:103E7000E36D226ED3420DD02168D1F8C83023F013
:103E80000703A26E14A800EB820252F84C2C1343D5
:103E9000C1F8C830236C6BB12168D1F8BC3023F075
:103EA0000703626C14A800EB820252F84C2C1343F7
:103EB000C1F8BC30A36C73B12168D1F8BC3023F0D9
:103EC0007003E26C14A800EB820252F84C2C43EA17
:103ED0000213C1F8BC30236D73B12168D1F8BC3036
:103EE00023F4E063626D14A800EB820252F84C2CBC
:103EF00043EA0223C1F8BC302268184B9A4222D010
:103F00000023C4F89430C4F89C30012384F898301E
:103F10002046FFF7ABFD07E72268936943F02003D3
:103F2000936188E7A36A013BE26A013A43EA02230C
:103F3000226B013A43EA0213626A013A216843EABA
:103F40000243CB608BE76268936823F003039360BE
:103F5000D6E70120E8E600BFE017010800A0004016
:103F600090F89830013BDBB2012B07D9D0F89C3098
:103F700043F00203C0F89C30012070470B68DBB9A6
:103F8000CB68072B0ED08A68DB0643EA82730A6986
:103F900043EA02434A691343C26E496842F821303A
:103FA000002070470A69CB691B0243EA02438A6911
:103FB000134343F06053EFE710B4CA680B6943EA58
:103FC0004273072A0FD04A698C6842EA8472006FF4
:103FD000496800EBC10C40F83130CCF804200020D7
:103FE0005DF8044B70478A69F1E790F898C05FFA72
:103FF0008CFCBCF1010F07D0D0F89C3043F00403D7
:10400000C0F89C3001207047920042EA011242EA57
:1040100043030168009A1A43C1F8802000207047CA
:1040200090F89830DBB2012B07D0D0F89C3043F0E9
:104030000403C0F89C3001207047022380F89830B8
:104040000268936923F0010393610023C0F89C3058
:104050001846704738B5044690F89830DBB2022B0A
:104060002BD10368D3F8C00010F07C5F0CD0D3F8DC
:10407000C40010F4001F0FD0D4F89C3043F4007338
:10408000C4F89C3001201FE0D4F89C3043F020039A
:10409000C4F89C30012017E0D3F8C450C5F30445A0
:1040A0002B462046FFF7CCFD22680123AB40C2F827
:1040B000D030C4F89430002006E0D0F89C3043F0B3
:1040C0000803C0F89C30012038BD000090F898C06B
:1040D0005FFA8CFCBCF1020F40F0DF8070B5402924
:1040E0000CD041293DD0046D8C426DD8D0F89C3065
:1040F00043F02003C0F89C300120C1E00468D4F8EC
:10410000A05015F4FE0F0CD0D4F8A45015F07F0F7A
:104110000FD1D0F89C3043F48073C0F89C3001205C
:10412000AEE0D0F89C3043F02003C0F89C30012072
:10413000A6E0D4F8A46016F0807604D0D4F8A0509D
:10414000002D0CDB0026D4F8A440C4F3052426443B
:10415000456F446C06FB04F405EB840E3BE001263E
:10416000F1E70468D4F8B05015F4FE0F0CD0D4F881
:10417000B45015F07F0F0FD1D0F89C3043F480730A
:10418000C0F89C3001207BE0D0F89C3043F0200345
:10419000C0F89C30012073E0D4F8B46016F080764B
:1041A00004D0D4F8B050002D0CDB0026D4F8B44075
:1041B000C4F305242644856FC46C06FB04F405EBA8
:1041C000840E08E00126F1E7C56F446D01FB04F49D
:1041D00005EB840E0026DEF8004004F080445460B5
:1041E00064BBDEF80040C4F38A441460DEF800408B
:1041F00004F000549460DEF8004004F000441461C0
:10420000BEF80440D461BEF8064004F00F04D46048
:10421000DEF8044004F480145461DEF8044004F431
:10422000001494619EF8074004F07F041462DEF8E5
:104230000440E40F54624FF0000C0CE0DEF8004044
:1042400024F060441460D1E70EEB0C04247A03F8E8
:104250000C400CF1010CD468144D2C5D6445F3D86E
:10426000402909D041290CD01F290ED8026801230A
:104270008B40C2F8983002E00368C3F8A8600020C1
:1042800070BD0368C3F8B860F9E701F01F01026868
:1042900001238B40C2F89C30F1E7D0F89C3043F00A
:1042A0000803C0F89C300120704700BF501A010875
:1042B00090F89830013BDBB2012B07D9D0F89C3045
:1042C00043F00203C0F89C300120704710B403682B
:1042D0009C6D0C4224D1DC6D44F00104DC6511F4CA
:1042E000007F05D00468D4F8E0301343C4F8E03010
:1042F00011F4806F05D00468D4F8E4301343C4F897
:10430000E4300068436D0C4A0A40134343650B4A8E
:10431000536943EA9173536100205DF8044B704781
:104320009C6D31EA040402D00324DC65D7E7DC6D20
:1043300044F00204DC65D2E7FFFFCF3F00A8004055
:1043400070477047704770477047704770477047B5
:1043500070477047704770477047704770477047A5
:104360002DE9F04F83B00446904B1A695B69134006
:1043700001939B07009303681A6D02F4704A5A6D0B
:104380000AEA020A1A6D02F00F095A6D09EA0209D7
:104390001A6D02F0F0085A6D08EA02081E6D06F068
:1043A00071565A6D16401F6D07F060775A6D1740B1
:1043B0005D6DD3F850B015F4807F02D01BF4807F80
:1043C00064D115F4806F02D01BF4806F67D1009B1D
:1043D000002B74D1BAF1000F7ED1B9F1000F40F07B
:1043E0008780B8F1000F40F08F8015F4006F03D084
:1043F0001BF4006F40F0948015F4007F03D01BF491
:10440000007F40F0988015F4002F03D01BF4002F9C
:1044100040F0A18015F4803F03D01BF4803F40F0B2
:10442000A58015F4802F03D01BF4802F40F0A980C5
:1044300015F4003F0FD01BF4003F0CD023684FF45D
:1044400000321A65594B00221A61D4F89C3043F0AF
:104450008003C4F89C30002F40F09E804EB123684A
:104460001E65B20F514B1A61D4F89C303343C4F827
:104470009C3022684E4B9A4200F09C80D4F89C30CD
:10448000002B40F0F98003B0BDE8F08F4FF480724C
:104490001A65464B00221A61FFF75BFF91E723681C
:1044A000D3F8DC10D3F8E4204FF4806018653F4B5C
:1044B0000020186111402046FFF747FF87E7236877
:1044C00000221A65019B03F00303384A1361009927
:1044D0002046FFF735FF7DE72368C3F850A04FEA79
:1044E0009A72324B1A6151462046FFF72AFF74E751
:1044F0002368C3F850904FEA99722C4B1A614946D1
:10450000204606F005F96CE72368C3F850804FEAAF
:104510009872264B1A6141462046FFF713FF64E765
:1045200023684FF400621A65204B00221A6120466E
:10453000FFF709FF60E72368D3F8D810D3F8E0202D
:104540004FF400701865194B002018611140204687
:10455000FFF7FAFE57E723684FF400221A65134B62
:1045600000221A612046FFF7F1FE53E723684FF45B
:1045700080321A650D4B00221A612046FFF7E7FED4
:104580004FE723684FF480221A65084B00221A6116
:104590002046FFF7DDFE4BE723681F65BA0F034B8C
:1045A0001A6139462046FFF7D6FE57E700A80040BB
:1045B00000A0004063689A6812F0030F3FF45EAFFA
:1045C000196A01F00F015A6A186A00F03008586A37
:1045D00008EA00081F6A07F4C077586A07401E6A95
:1045E00006F4FC46586A06401D6A05F4F025586A30
:1045F0000540D3F82490D3F820A011401CD1B8F185
:10460000000F1ED119F0400F02D01AF0400F20D138
:104610005FBB36B163681E62D4F89C303343C4F884
:104620009C30002D3FF42AAF63681D62D4F89C30A3
:104630002B43C4F89C3021E719622046FFF78CFE1B
:10464000DDE76368C3F8208041462046FFF785FE1A
:10465000D8E76368D96BDA6B4020186202F03F023A
:10466000090C2046FFF77AFED2E763681F623946DD
:104670002046FFF774FECCE72046FFF76BFE02E70B
:10468000F0B583B000236BE085685E000324B4407E
:1046900025EA0405CC68B4402C438460456825EACB
:1046A0000C054C68C4F300149C402C43446069E042
:1046B000DD08083550F8254003F0070C4FEA8C0C54
:1046C0004FF00F0E0EFA0CFE24EA0E0E0C6904FADF
:1046D0000CF444EA0E0440F825406BE0092400E0A5
:1046E000002404FA0EF42C430CF1020C664D45F83C
:1046F0002C404FF0B0442568D44325EA02064F68A9
:1047000017F4801F01D042EA05064FF0B0452E6035
:104710006D6804EA05064F6817F4001F01D042EAED
:1047200005064FF0B0456E60D5F8845004EA0506E2
:104730004F6817F4003F01D042EA05064FF0B0453C
:10474000C5F88460D5F880502C404E6816F4803F40
:1047500001D042EA05044FF0B042C2F88040013374
:104760000A6832FA03F400F08C804FF0010C0CFA66
:1047700003FC1CEA0202F2D04C6804F00304013C82
:10478000012C81D94C6804F00304032C0CD0C468BC
:104790005D004FF0030C0CFA05FC24EA0C0C8C684D
:1047A000AC4044EA0C04C4604C6804F00304022CDE
:1047B0003FF47EAF04684FEA430E4FF0030C0CFA4F
:1047C0000EFC24EA0C0C4C6804F0030404FA0EF40A
:1047D00044EA0C0404604C6814F4403FBFD02B4CF6
:1047E000D4F8F45045F00205C4F8F450D4F8F4407D
:1047F00004F002040194019C4FEA930C0CF10205B1
:10480000214C54F8255003F0030E4FEA8E0E0F246E
:1048100004FA0EF425EA04051D4CA0423FF460AFF3
:1048200004F58064A0421ED004F58064A0421CD030
:1048300004F58064A0421AD004F58064A04218D028
:1048400004F58064A04216D004F58064A04214D020
:1048500004F58064A04212D004F50064A0423FF445
:104860003DAF0A243DE701243BE7022439E7032456
:1048700037E7042435E7052433E7062431E7072426
:104880002FE703B0F0BD00BF0004005800440258F9
:10489000000002580AB181617047090481617047C4
:1048A000134BDB6813F0040F07D1114BDB6803F0E7
:1048B000070383421AD00120704710B50C4AD36811
:1048C00023F007030343D360FDF7C6FC0446084BFF
:1048D0005B6813F4005F07D1FDF7BEFC001BB0F569
:1048E0007A7FF4D9012000E0002010BD002070473D
:1048F00000480258002800F0D58238B50446036805
:1049000013F0010F25D0A04A136903F03803926A0F
:10491000102B15D0182B0FD06368B3F5803F3FD014
:10492000002B53D1984B1A6822F480321A601A680F
:1049300022F480221A6038E002F00302022AEBD14E
:10494000914B1B6813F4003F03D06368002B00F009
:10495000AB82236813F0020F00F088808A4A136943
:10496000926A13F038035AD0182B55D0E368002B05
:1049700000F0A98084490A6822F0190213430B60F1
:10498000FDF76AFC0546804B1B6813F0040F40F0EE
:104990009180FDF761FC401B0228F4D903208AE2D4
:1049A000794A136843F48033136063682BB3FDF7CF
:1049B00053FC0546744B1B6813F4003FC9D1FDF747
:1049C0004BFC401B6428F5D9032074E2B3F5A02FFB
:1049D00009D06D4B1A6822F480321A601A6822F4EA
:1049E00080221A60E1E7684B1A6842F480221A605C
:1049F0001A6842F480321A60D7E7FDF72DFC0546AD
:104A0000614B1B6813F4003FA3D0FDF725FC401B4E
:104A10006428F5D903204EE212F0030FA6D15A4BB9
:104A20001B6813F0040F03D0E368002B00F03E82F4
:104A3000554A136823F01903E1680B431360FDF72F
:104A40000BFC0546504B1B6813F0040F06D1FDF715
:104A500003FC401B0228F5D903202CE24A4A536884
:104A600023F0FE43216943EA01635360236813F096
:104A7000100F51D0444A136903F03803926A082B8F
:104A800039D0182B33D0E369002B69D03E4A136824
:104A900043F080031360FDF7DFFB05463A4B1B68CC
:104AA00013F4807F53D1FDF7D7FB401B0228F5D9C3
:104AB000032000E2344A536823F0FE43216943EAAD
:104AC00001635360D2E7304A136823F00103136097
:104AD000FDF7C2FB05462C4B1B6813F0040FC5D035
:104AE000FDF7BAFB401B0228F5D90320E3E102F0F1
:104AF0000302012AC7D1244B1B6813F4807F03D023
:104B0000E369802B40F0D4811F4AD36823F07C53A3
:104B1000216A43EA0163D360236813F0080F49D088
:104B20006369002B32D0184A536F43F00103536777
:104B3000FDF792FB0546144B5B6F13F0020F39D162
:104B4000FDF78AFB401B0228F5D90320B3E10E4A8A
:104B5000D36823F07C53216A43EA0163D360DBE727
:104B6000094A136823F080031360FDF775FB0546BF
:104B7000054B1B6813F4807FCED0FDF76DFB401B07
:104B80000228F5D9032096E1004402589D4A536F4C
:104B900023F001035367FDF75FFB0546994B5B6FFD
:104BA00013F0020F06D0FDF757FB401B0228F5D982
:104BB000032080E1236813F0200F29D0A3699BB163
:104BC000904A136843F480531360FDF745FB054694
:104BD0008C4B1B6813F4005F1AD1FDF73DFB401BA3
:104BE0000228F5D9032066E1864A136823F480532E
:104BF0001360FDF731FB0546824B1B6813F4005F21
:104C000006D0FDF729FB401B0228F5D9032052E10D
:104C1000236813F0040F21D1636A002B00F04A814E
:104C2000784A126902F03802182A00F0F180022B4B
:104C300075D0744A136823F080731360FDF70CFB82
:104C40000446704B1B6813F0007F00F0D880FDF71E
:104C500003FB001B0228F4D903202CE16A4A1368E5
:104C600043F480731360FDF7F7FA0546664B1B6843
:104C700013F4807F06D1FDF7EFFA401B6428F5D9C5
:104C8000032018E1A368012B0AD00BBB5D4B1A6F00
:104C900022F001021A671A6F22F004021A6704E078
:104CA000584A136F43F001031367A36833B3FDF74A
:104CB000D3FA0546534B1B6F13F0020FACD1FDF72F
:104CC000CBFA401B41F288339842F3D90320F2E03B
:104CD000052B09D04B4B1A6F22F001021A671A6F8D
:104CE00022F004021A67E0E7464B1A6F42F0040212
:104CF0001A671A6F42F001021A67D6E7FDF7ACFA9D
:104D00000546404B1B6F13F0020F85D0FDF7A4FA48
:104D1000401B41F288339842F3D90320CBE0394A53
:104D2000136823F080731360FDF796FA0546354B40
:104D30001B6813F0007F06D0FDF78EFA401B022897
:104D4000F5D90320B7E02F4B996A304A0A40A16A8F
:104D5000E06A41EA00110A439A62226B013AC2F307
:104D60000802616B0139490289B20A43A16B01391A
:104D7000090401F4FE010A43E16B0139090601F05F
:104D8000FE410A431A63DA6A22F00102DA625A6BC0
:104D90006FF3CF02A16C42EAC1025A63DA6A22F0D1
:104DA0000C02216C0A43DA62DA6A22F00202616CB8
:104DB0000A43DA62DA6A42F48032DA62DA6A42F488
:104DC0000032DA62DA6A42F48022DA62DA6A42F0A7
:104DD0000102DA621A6842F080721A60FDF73CFA4A
:104DE0000446084B1B6813F0007F06D1FDF734FA28
:104DF000001B0228F5D903205DE000205BE00020C5
:104E000059E000BF00440258004802580CFCFFFF64
:104E100030498A6A086B012B4ED002F00303A16A65
:104E20008B424BD1C2F30512E36A9A4248D1C0F3D8
:104E30000802236B013B9A4244D1C0F34622636BC4
:104E4000013B9A4240D1C0F30642A36B013B9A4218
:104E50003CD1C0F30660E36B013B984238D11D4B57
:104E60005B6BC3F3CC03A26C9A4201D1002022E019
:104E7000184AD36A23F00103D362FDF7EDF9054622
:104E8000FDF7EAF9A842FBD0124A536B6FF3CF0348
:104E9000A16C43EAC1035363D36A43F00103D362B5
:104EA000002008E001207047012004E0012002E01A
:104EB000012000E0002038BD0120FCE70120FAE7D6
:104EC0000120F8E70120F6E70120F4E70120F2E7EE
:104ED0000120F0E700440258754B1B6903F03803CA
:104EE000102B00F0DE80182B0FD0002B40F0DB8061
:104EF0006F4B1B6813F0200F00F0D7806C4B1B68C2
:104F0000C3F3C1036B48D840704710B4684B9A6A2A
:104F100002F003029C6AC4F30510D96A01F0010192
:104F20005B6BC3F3CC0301FB03F307EE903AF8EE9F
:104F3000677A14F47C7F77D0012A4AD0022A76D08F
:104F4000002A40F091805A4B1B6813F0200F23D0A9
:104F500057490A68C2F3C102564BD34007EE103AD4
:104F6000F8EE476A07EE100AB8EE476A86EE867AD0
:104F70000B6BC3F3080306EE903AF8EE666A9FEDFA
:104F80004E6A67EE867A76EEA77AF7EE006A77EEDB
:104F9000A67A27EE277A38E007EE100AF8EE476A7D
:104FA0009FED466A86EE267A414B1B6BC3F30803DE
:104FB00006EE903AF8EE666A9FED3F6A67EE867AF3
:104FC00076EEA77AF7EE006A77EEA67A27EE277AD2
:104FD0001BE007EE100AF8EE476A9FED396A86EE8D
:104FE000267A334B1B6BC3F3080306EE903AF8EEB8
:104FF000666A9FED316A67EE867A76EEA77AF7EEFB
:10500000006A77EEA67A27EE277A294B1B6BC3F34B
:105010004623013307EE903AF8EE677AC7EE276A27
:10502000FCEEE67A17EE900A5DF8044B704707EE47
:10503000100AF8EE476A9FED236A86EE267A1C4B2B
:105040001B6BC3F3080306EE903AF8EE666A9FED19
:105050001A6A67EE867A76EEA77AF7EE006A77EE3E
:10506000A67A27EE277AD0E707EE100AF8EE476A0D
:105070009FED136A86EE267A0D4B1B6BC3F3080374
:1050800006EE903AF8EE666A9FED0B6A67EE867A56
:1050900076EEA77AF7EE006A77EEA67A27EE277A01
:1050A000B3E709487047094870470248704700BF96
:1050B000004402580090D003000000390024744CD2
:1050C0000024744A001BB74B00366E0100093D00F6
:1050D000002800F0328170B50D4604469B4B1B68DA
:1050E00003F00F038B420BD2984A136823F00F038F
:1050F0000B431360136803F00F038B4240F01F81D2
:10510000236813F0040F0CD02269914B9B6903F0C4
:1051100070039A4205D98E498B6923F070031A43B4
:105120008A61236813F0080F0CD06269884BDB6931
:1051300003F070039A4205D98549CB6923F07003C7
:105140001A43CA61236813F0100F0CD0A269804B78
:10515000DB6903F4E0639A4205D97D49CB6923F406
:10516000E0631A43CA61236813F0200F0CD0E26990
:10517000774B1B6A03F070039A4205D974490B6A96
:1051800023F070031A430A62236813F0020F0CD055
:10519000E2686F4B9B6903F00F039A4205D96C4993
:1051A0008B6923F00F031A438A61236813F0010F00
:1051B00041D0674A936923F47063A1680B439361FC
:1051C0006368022B0AD0032B27D0012B2CD0604A16
:1051D000126812F0040F06D10120ADE0126812F43B
:1051E000003F00F0AE805A490A6922F007021343DB
:1051F0000B61FDF731F80646554B1B6903F0380388
:105200006268B3EBC20F16D0FDF726F8801B41F29F
:1052100088339842F0D903208EE04D4A126812F08C
:10522000007FE0D1012087E0494A126812F4807FB4
:10523000D9D1012080E0236813F0020F0CD0E2687E
:10524000434B9B6903F00F039A4205D240498B6997
:1052500023F00F031A438A613C4B1B6803F00F03D2
:10526000AB420AD9394A136823F00F032B4313606A
:10527000136803F00F03AB4265D1236813F0040FEA
:105280000CD02269324B9B6903F070039A4205D21D
:105290002F498B6923F070031A438A61236813F046
:1052A000080F0CD062692A4BDB6903F070039A4245
:1052B00005D22749CB6923F070031A43CA612368DA
:1052C00013F0100F0CD0A269214BDB6903F4E063EB
:1052D0009A4205D21E49CB6923F4E0631A43CA619E
:1052E000236813F0200F0CD0E269194B1B6A03F0FE
:1052F00070039A4205D216490B6A23F070031A43D1
:105300000A62FFF7E9FD12498B69C3F30323114ACF
:10531000D35C03F01F03D8408B6903F00F03D35C09
:1053200003F01F0320FA03F30B4A13600B4B1860C2
:105330000B4B1868FCF79EFB70BD012070470120E5
:10534000FAE70120F8E70120F6E700BF002000524D
:1053500000440258381A01081000002414000024E8
:105360001C00002408B5FFF7B7FD0B4A9369C3F38F
:1053700003230A49CB5C03F01F0320FA03F392696D
:1053800002F00F02885C00F01F0023FA00F0044ACC
:105390001060044A136008BD00440258381A01081E
:1053A000100000241400002408B5FFF7DBFF054BB4
:1053B000DB69C3F30213044AD35C03F01F03D84034
:1053C00008BD00BF00440258381A010808B5FFF7AD
:1053D000C9FF054BDB69C3F30223044AD35C03F026
:1053E0001F03D84008BD00BF00440258381A010806
:1053F0003F230360114B1A6902F0070242609A6969
:1054000002F4706282609A6902F00F02C2609A69C7
:1054100002F070020261DA6902F070024261DA6938
:1054200002F4E06282611B6A03F07003C361044B03
:105430001B6803F00F030B60704700BF0044025865
:1054400000200052404B9B6A03F00303032B79D0EA
:1054500070B505460E463C4A136823F0806313601E
:10546000FCF7FAFE0446384B1B6813F0006F06D0B9
:10547000FCF7F2FE031B022BF5D9032070BD324B63
:105480009A6A22F47C32296842EA01329A626A6896
:10549000013AC2F30802A9680139490289B20A43F4
:1054A000E9680139090401F4FE010A432969013957
:1054B000090601F0FE410A439A63DA6A22F0C0024B
:1054C00069690A43DA62DA6A22F02002A9690A43AA
:1054D000DA62DA6A22F01002DA62DA6B6FF3CF0274
:1054E000E96942EAC102DA63DA6A42F01002DA627A
:1054F000C6B91A46DB6A43F40023D362124A136822
:1055000043F080631360FCF7A7FE04460E4B1B6854
:1055100013F0006F14D1FCF79FFE001B0228F5D991
:105520000320ABE7012E05D0074AD36A43F40013EA
:10553000D362E3E7044AD36A43F48013D362DDE71E
:1055400000209BE70120704700440258404B9B6AB3
:1055500003F00303032B79D070B505460E463C4A91
:10556000136823F080531360FCF776FE0446384B33
:105570001B6813F0005F06D0FCF76EFE031B022BC6
:10558000F5D9032070BD324B9A6A22F07C722968EB
:1055900042EA01529A626A68013AC2F30802A968B3
:1055A0000139490289B20A43E9680139090401F461
:1055B000FE010A4329690139090601F0FE410A4347
:1055C0001A64DA6A22F4406269690A43DA62DA6AC2
:1055D00022F40072A9690A43DA62DA6A22F480725C
:1055E000DA625A6C6FF3CF02E96942EAC1025A6487
:1055F000DA6A42F48072DA62C6B91A46DB6A43F4A8
:105600008003D362124A136843F080531360FCF79F
:1056100023FE04460E4B1B6813F0005F14D1FCF709
:105620001BFE001B0228F5D90320ABE7012E05D095
:10563000074AD36A43F08073D362E3E7044AD36A2C
:1056400043F40003D362DDE700209BE701207047AD
:1056500000440258F8B50446036813F0006F2FD0D9
:10566000436EB3F5001F25D015D8E3B1B3F5801F05
:105670000ED102210830FFF7E5FE054675BB934ABF
:10568000136D23F44013616E0B431365002619E07C
:105690000126354616E0B3F5401F01D10025EEE79F
:1056A000012635460EE0894AD36A43F40033D362BB
:1056B0000025E4E702212830FFF748FF0546DDE733
:1056C00000263546236813F4807F29D0A36D042B70
:1056D00022D8DFE803F005131A0A0A002E46F1E784
:1056E0007A4AD36A43F40033D362C5B9774A136D5B
:1056F00023F00703A16D0B43136511E0002104F1B2
:105700000800FFF79FFE0546EFE7002104F128009F
:10571000FFF71CFF0546E8E70126354600E02E4668
:10572000236813F4806F2DD0D4F8A430B3F5800F24
:105730003DD00DD8C3B1B3F5001F06D1002104F14F
:105740000800FFF77FFE054613E00126354619E005
:10575000B3F5000F0DD0B3F5200F0AD0B3F5C00F8D
:1057600007D0012635460DE0584AD36A43F400338A
:10577000D3621DBB554A936D23F46003D4F8A41083
:105780000B439365236813F4006F37D0D4F8A83027
:10579000B3F1007F5ED016D80BB3B3F1807F0FD189
:1057A000002104F10800FFF74DFE05461CE0002132
:1057B00004F12800FFF7CAFE0546DAE72E46E1E7C6
:1057C000012635461AE0B3F1806F0DD0B3F1A06F1A
:1057D0000AD0B3F1407F07D0012635460EE03B4AA0
:1057E000D36A43F40033D362002D3AD1374A936D24
:1057F00023F0E063D4F8A8100B439365236813F0FB
:10580000007F13D0E36C202B35D02FD833B1102B71
:1058100029D12E4AD36A43F40033D36295BB2B4A75
:10582000D36C23F03003E16C0B43D364236813F48F
:10583000805F4ED0E36DB3F5005F3FD027D87BB3D8
:10584000B3F5805F20D1002104F10800FFF7FAFDD5
:1058500005462AE0002104F12800FFF777FE0546FF
:10586000C2E72E46CAE701263546DFE7302BD5D002
:1058700001263546DAE7022104F10800FFF7E2FDD0
:105880000546CBE72E46D1E70126354621E0B3F5A4
:10589000405F0AD0B3F5804F07D00126354618E0A7
:1058A0000A4AD36A43F40033D3628DB9074A136DB1
:1058B00023F4E043E16D0B4313650AE0002104F19A
:1058C0002800FFF743FE0546EFE700BF00440258FB
:1058D0002E46236813F4005F17D0236EB3F5003F04
:1058E0004FD042D843B1B3F5803F3BD1012104F101
:1058F0000800FFF7A7FD0546002D49D1924A136D18
:1059000023F4E023216E0B431365236813F4804FC7
:1059100019D0D4F8AC30B3F1005F4AD03DD843B1D0
:10592000B3F1805F36D1012104F10800FFF78AFD51
:105930000546002D44D1844A936D23F0E043D4F80A
:10594000AC100B439365236813F4004F47D0E36E0C
:10595000B3F1805F36D0B3F1005F4BD0BBB301260B
:1059600035463CE001263546CFE7B3F5802FC3D05E
:10597000B3F5A02FC0D0B3F5403FBDD001263546CA
:10598000C3E7012104F12800FFF7E0FD0546B3E776
:105990002E46BAE701263546D5E7B3F1804FC8D089
:1059A000B3F1A04FC5D0B3F1405FC2D00126354658
:1059B000C9E7012104F12800FFF7C8FD0546B8E753
:1059C0002E46C0E7604AD36A43F40033D362C5B9B8
:1059D0005D4A136D23F04053E16E0B43136523685A
:1059E00013F0807F1CD0A36C032B44D8DFE803F0B6
:1059F000100B3C10012104F10800FFF723FD0546C0
:105A0000E5E72E46EBE7504AD36A43F40033D3620E
:105A1000A5BB4D4AD36C23F00303A16C0B43D364A5
:105A2000236813F4800F2BD1236813F0010F00F0CB
:105A3000A980A36F282B00F2A380DFE803F091A1D7
:105A4000A1A1A1A1A1A18BA1A1A1A1A1A1A19AA163
:105A5000A1A1A1A1A1A191A1A1A1A1A1A1A191A156
:105A6000A1A1A1A1A1A19100022104F10800FFF7C9
:105A7000E9FC0546CCE701263546D1E72E46CFE7BF
:105A8000324A136843F480731360FCF7E5FB074662
:105A90002E4B1B6813F4807F05D1FCF7DDFBC01B88
:105AA0006428F5D90325002D4AD1274B1B6FD4F864
:105AB000B020534013F4407F0CD0234B1A6F22F4D4
:105AC0004072196F41F480311967196F21F48031E8
:105AD00019671A67D4F8B030B3F5807F15D08DBB45
:105AE000D4F8B03003F44072B2F5407F1ED0164AAD
:105AF000136923F47C53136113490B6FD4F8B0205E
:105B0000C2F30B0213430B678EE7FCF7A5FB0746B6
:105B10000D4B1B6F13F0020FE1D1FCF79DFBC01B77
:105B200041F288339842F3D90325D8E70648026941
:105B300022F47C52064901EA131313430361DBE7A5
:105B40002E4671E72E466FE700440258004802587F
:105B5000CFFFFF00012104F10800FFF773FC0546A9
:105B6000E5B9B14A536D23F03803A16F0B43536578
:105B700008E0012104F12800FFF7E8FC0546EFE703
:105B800001263546236813F0020F17D0636F052BEB
:105B900029D8DFE803F00B05210B0B0B2E46F1E7AC
:105BA000012104F10800FFF74DFC0546F5B99E4AB6
:105BB000536D23F00703616F0B435365236813F0A4
:105BC000040F26D0D4F89030052B00F2D680DFE801
:105BD00003F0150FCD151515012104F12800FFF76D
:105BE000B5FC0546E2E701263546E7E72E46E5E740
:105BF000012104F10800FFF725FC0546002D40F0C7
:105C0000BF80894A936D23F00703D4F890100B43AB
:105C10009365236813F0200F1DD0D4F88C30B3F1B6
:105C2000005F00F0C18000F2B0804BB1B3F1805F43
:105C300040F0A880002104F10800FFF703FC0546AE
:105C4000002D40F0B880784A536D23F0E043D4F83B
:105C50008C100B435365236813F0400F1DD0D4F80C
:105C60009830B3F5006F00F0BA8000F2A9804BB114
:105C7000B3F5806F40F0A180002104F10800FFF728
:105C8000E1FB0546002D40F0B180674A936D23F497
:105C9000E053D4F898100B439365236813F0800FFA
:105CA0001DD0D4F89C30B3F5804F00F0B38000F2E3
:105CB000A2804BB1B3F5005F40F09A80002104F15F
:105CC0000800FFF7BFFB0546002D40F0AA80564AAA
:105CD000936D23F46043D4F89C100B4393652368C1
:105CE00013F0080F0DD0D4F88030B3F5805F00F0CA
:105CF0009D804D4A536D23F44053D4F880100B43DC
:105D00005365236813F0100F0DD0D4F89430B3F519
:105D1000807F00F09580444A936D23F44073D4F85B
:105D200094100B439365236813F4002F00F09D80BB
:105D3000D4F8A030B3F5803F00F08C80B3F5003F7D
:105D400008D0002B40F08D80002104F10800FFF7FF
:105D500079FB0546002D40F08780334A936D23F48C
:105D60004033D4F8A0100B4393657EE0012104F189
:105D70002800FFF7EBFB054640E70126354648E7DC
:105D80002E4646E70126354665E7B3F1804F3FF4DE
:105D900057AFB3F1A04F3FF453AFB3F1405F3FF4BF
:105DA0004FAF0126354656E7022104F12800FFF7E0
:105DB000CDFB054644E72E464DE7012635466CE708
:105DC000B3F5805F3FF45EAFB3F5A05F3FF45AAF29
:105DD000B3F5406F3FF456AF012635465DE702212B
:105DE00004F12800FFF7B2FB05464BE72E4654E7C7
:105DF0000126354673E7B3F5004F3FF465AFB3F5C1
:105E0000204F3FF461AFB3F5C04F3FF45DAF0126C3
:105E1000354664E7022104F12800FFF797FB0546A9
:105E200052E72E465BE700BF00440258022104F10E
:105E30002800FFF78BFB00283FF45BAF012658E7F3
:105E4000022104F12800FFF781FB00283FF463AF33
:105E5000012660E7022104F12800FFF777FB0546E1
:105E600078E70126354600E02E46236813F4802F9C
:105E700024D0D4F88430B3F5001F14D0B3F5401FFC
:105E800007D0B3F5801F15D17C4AD36A43F40033A1
:105E9000D36295B9794A536D23F44013D4F8841032
:105EA0000B4353650AE0012104F12800FFF74EFB84
:105EB0000546EEE70126354600E02E46236813F43A
:105EC000803F06D0236DCBB1B3F5803F24D00126AF
:105ED0003546236813F0005F27D1236813F4003F91
:105EE0003DD0E36FB3F5807F2BD027D9B3F5007F8A
:105EF0002CD0B3F5407F29D0012630E05F4AD36A29
:105F000043F40033D36275B95C4AD36C23F4803315
:105F1000216D0B43D364DCE7022104F10800FFF795
:105F200091FA0546EFE72E46D3E7022104F1280057
:105F3000FFF70CFB0028D0D00126CEE733B10126B5
:105F40000DE04E4AD36A43F40033D362002D5CD196
:105F50004A4A536D23F44073E16F0B435365236842
:105F600013F4801F06D0454A136D23F00043216FC0
:105F70000B431365236813F4001F06D03F4A136DCB
:105F800023F08073A16E0B431365236813F0804FD9
:105F900009D03A4B1A6922F400421A611A69D4F8FE
:105FA000B4100A431A612368002B06DA334AD36C13
:105FB00023F04053616D0B43D364236813F4000F47
:105FC00007D02E4A536D23F44003D4F888100B43B6
:105FD0005365636813F0010F19D1636813F0020F62
:105FE0001ED1636813F0040F23D1636813F0080F08
:105FF00028D1636813F0100F2DD1636813F0200FC0
:1060000032D106B101263046F8BD2E46A7E7002161
:1060100004F10800FFF716FA0028DED00646DCE798
:10602000012104F10800FFF70DFA0028D9D0064637
:10603000D7E7022104F10800FFF704FA0028D4D0C2
:106040000646D2E7002104F12800FFF77FFA002876
:10605000CFD00646CDE7012104F12800FFF776FAFC
:106060000028CAD00646C8E7022104F12800FFF73D
:106070006DFA0028C5D00126C5E700BF00440258CC
:1060800008B5FFF76FF9054B1B6AC3F30213044A07
:10609000D35C03F01F03D84008BD00BF0044025882
:1060A000381A010810B4794B9A6A9C6AC4F3053C0B
:1060B000D96AC1F30011DB6BC3F3CC0301FB03F31B
:1060C00014F47C3F00F0DD8002F0030207EE903A0A
:1060D000F8EE677A012A4BD0022A00F09880002A55
:1060E00040F0B280694B1B6813F0200F23D0674942
:1060F0000A68C2F3C102664BD34007EE103AF8EECD
:10610000476A07EE10CAB8EE476A86EE867A8B6B4E
:10611000C3F3080306EE903AF8EE666A9FED5D6AF7
:1061200067EE867A76EEA77AF7EE006A77EEA67AC1
:1061300027EE277A38E007EE10CAF8EE476A9FED9F
:10614000566A86EE267A514B9B6BC3F3080306EE24
:10615000903AF8EE666A9FED4F6A67EE867A76EEC1
:10616000A77AF7EE006A77EEA67A27EE277A1BE089
:1061700007EE10CAF8EE476A9FED486A86EE267A67
:10618000424B9B6BC3F3080306EE903AF8EE666A47
:106190009FED406A67EE867A76EEA77AF7EE006AA0
:1061A00077EEA67A27EE277A384A936BC3F3462315
:1061B00007EE903AF8EE677AF7EE006A77EEA67A85
:1061C00087EE276ABCEEC66A80ED006A936BC3F364
:1061D000064307EE903AF8EE677A77EEA67A87EEF6
:1061E000276ABCEEC66A80ED016A936BC3F306634F
:1061F00007EE903AF8EE677A77EEA67AC7EE276A4E
:10620000FCEEE66AC0ED026A5DF8044B704707EEEB
:1062100010CAF8EE476A9FED226A86EE267A1B4B7B
:106220009B6BC3F3080306EE903AF8EE666A9FEDA7
:10623000196A67EE867A76EEA77AF7EE006A77EE4D
:10624000A67A27EE277AAFE707EE10CAF8EE476A7C
:106250009FED126A86EE267A0C4B9B6BC3F3080304
:1062600006EE903AF8EE666A9FED0A6A67EE867A65
:1062700076EEA77AF7EE006A77EEA67A27EE277A0F
:1062800092E70023036043608360BDE70044025847
:106290000090D003000000390024744C0024744A9C
:1062A000001BB74B10B4794B9A6A9C6AC4F3055C27
:1062B000D96AC1F300215B6CC3F3CC0301FB03F388
:1062C00014F07C7F00F0DD8002F0030207EE903ACC
:1062D000F8EE677A012A4BD0022A00F09880002A53
:1062E00040F0B280694B1B6813F0200F23D0674940
:1062F0000A68C2F3C102664BD34007EE103AF8EECB
:10630000476A07EE10CAB8EE476A86EE867A0B6CCB
:10631000C3F3080306EE903AF8EE666A9FED5D6AF5
:1063200067EE867A76EEA77AF7EE006A77EEA67ABF
:1063300027EE277A38E007EE10CAF8EE476A9FED9D
:10634000566A86EE267A514B1B6CC3F3080306EEA1
:10635000903AF8EE666A9FED4F6A67EE867A76EEBF
:10636000A77AF7EE006A77EEA67A27EE277A1BE087
:1063700007EE10CAF8EE476A9FED486A86EE267A65
:10638000424B1B6CC3F3080306EE903AF8EE666AC4
:106390009FED406A67EE867A76EEA77AF7EE006A9E
:1063A00077EEA67A27EE277A384A136CC3F3462392
:1063B00007EE903AF8EE677AF7EE006A77EEA67A83
:1063C00087EE276ABCEEC66A80ED006A136CC3F3E1
:1063D000064307EE903AF8EE677A77EEA67A87EEF4
:1063E000276ABCEEC66A80ED016A136CC3F30663CC
:1063F00007EE903AF8EE677A77EEA67AC7EE276A4C
:10640000FCEEE66AC0ED026A5DF8044B704707EEE9
:1064100010CAF8EE476A9FED226A86EE267A1B4B79
:106420001B6CC3F3080306EE903AF8EE666A9FED24
:10643000196A67EE867A76EEA77AF7EE006A77EE4B
:10644000A67A27EE277AAFE707EE10CAF8EE476A7A
:106450009FED126A86EE267A0C4B1B6CC3F3080381
:1064600006EE903AF8EE666A9FED0A6A67EE867A63
:1064700076EEA77AF7EE006A77EEA67A27EE277A0D
:1064800092E70023036043608360BDE70044025845
:106490000090D003000000390024744C0024744A9A
:1064A000001BB74B10B402685369916941F00801B1
:1064B000916101688A6942F010028A6101680A6884
:1064C00022F001020A6001680C69294A22400A612F
:1064D00001688A6822F440428A6090F88120D2B232
:1064E000042A0DD013F0200F0AD0D0F8842042F0F7
:1064F0008002C0F8842001688A6942F020028A6123
:1065000090F88120D2B2032A0DD013F0400F0AD0A8
:10651000D0F8842042F00402C0F8842001688A691F
:1065200042F040028A6113F4007F0AD0D0F8842040
:1065300042F00102C0F8842001688A6942F40072C6
:106540008A6113F4807F0AD0D0F8843043F00803C6
:10655000C0F884300268936943F480739361002328
:10656000A0F86230A0F86A305DF8044B704700BFB5
:1065700090FCFFFFC36B5B09C0680830C00803FBD9
:10658000000070472DE9F84380460F4616461D4629
:10659000DDF8209000E0BDB1D8F800305C6937EA42
:1065A00004040CBF01230023B3420AD1FBF754FEBD
:1065B000A0EB0900A842EED3B5F1FF3FEBD00320DA
:1065C00000E00020BDE8F8830320FBE7002800F08E
:1065D000B78070B504460023836205685C4B5D4E4E
:1065E0009D4218BFB54214BF0126002607D0A3F56F
:1065F00074439D4203D0C3680F2B00F2A380204652
:10660000FFF7B8FF2EB1544B9D4202D0082800F28C
:106610009B804F4A4F4B9D4218BF954203D003F5D4
:1066200080639D4202D1102800F2908094F881305E
:10663000F3B1022384F881302268136823F0010348
:10664000136023689A6802F4F812A169B1F1806FAF
:1066500014D0636813F4800F23D0E368062B20D98D
:1066600021680B6823F48073206D03430B601DE0E9
:1066700084F880302046FBF7F9F8DAE76168B1F575
:10668000800F06D00029E4D1A16BB1F1805FE0D189
:1066900002E0A06B0028F5D1196841F4805119601F
:1066A000D7E721680B6823F480730B60E369A16A64
:1066B0000B431343E26B1343E16822680B4393607F
:1066C000636B626A1343A26B1343A269134322698B
:1066D000134362691343226A134362681343E26CF3
:1066E0001343A2681343A26C1343A16D22680B43AA
:1066F000D36063686BB92268936823F4C05343F492
:10670000006393602268936823F4C06343F480635A
:1067100093602268136D23F001031365636813F41B
:10672000800F06D02268D36823F00043616D0B43CD
:10673000D3600020C4F88400012384F8813070BD48
:10674000012070470120FAE70120F8E70120F6E771
:106750000030014000380040003C00402DE9F04787
:1067600082B004468A4691461D46D0F80080FBF769
:1067700073FD94F88160F6B2012E40F0488107461F
:10678000B9F1000F18BFBAF1000F00F0418194F881
:106790008030012B00F04081012384F880300323F6
:1067A00084F881300023C4F88430C4F85CA0A4F8D5
:1067B0006090A4F862906366A4F86830A4F86A3028
:1067C00063672367A368B3F5C02F1CD02268D36822
:1067D00023F4C02343F40033D360226853686FF37B
:1067E0000F0349EA030353602268136843F001036F
:1067F00013606368B3F5800F0BD0E3680F2B1BD8D1
:10680000072B4DD8ACE02268136843F40063136093
:10681000E3E72268136843F400731360EDE7E26D69
:1068200012681A62E36D0433E365B4F8622092B231
:10683000013A92B2A4F86220B4F862309BB2002B05
:1068400000F0C98023685A6912F0020FE7D1FBF704
:1068500003FDC01BA84202D3B5F1FF3F01D1002DBB
:10686000EAD12046FFF71EFED4F8843043F480734B
:10687000C4F88430012384F88130002384F8803008
:106880000326C5E0E36D1B88A8F82030E36D0233D2
:10689000E365B4F862309BB2013B9BB2A4F862306E
:1068A000B4F862309BB2002B00F0958022685369E7
:1068B00013F0020F15D0B4F862309BB2012BE1D96E
:1068C000E36B002BDED0E36D1B681362E36D0433D2
:1068D000E365B4F862309BB2023B9BB2A4F862302D
:1068E000DEE7FBF7B9FCC01BA84202D3B5F1FF3FBE
:1068F00001D1002DD4D12046FFF7D4FDD4F8843047
:1069000043F48073C4F88430012384F88130002379
:1069100084F8803003267BE0B4F862309BB2012B10
:1069200010D9E36B73B1E36D1B88A8F82030E36DD9
:106930000233E365B4F862309BB2023B9BB2A4F829
:1069400062300DE0E36D1B7882F82030E36D013397
:10695000E365B4F862309BB2013B9BB2A4F86230AD
:10696000B4F862309BB2002B35D02268536913F023
:10697000020F15D0B4F862309BB2032BCCD9E36B75
:10698000402BC9D9E36D1B681362E36D0433E365E3
:10699000B4F862309BB2043B9BB2A4F86230DFE7EC
:1069A000FBF75AFCC01BA84202D3B5F1FF3F01D14F
:1069B000002DD5D12046FFF775FDD4F8843043F47F
:1069C0008073C4F88430012384F88130002384F874
:1069D000803003261CE000972B4600220821204629
:1069E000FFF7D0FD28B1D4F8843043F02003C4F879
:1069F00084302046FFF756FD012384F881300023C0
:106A000084F88030D4F8843013B9002600E00226E0
:106A1000304602B0BDE8F0870226F9E72DE9F04FD5
:106A200083B004468A4691461D46D0F800B0C66B36
:106A3000C6F34F16FBF710FC94F88170FFB2012FDC
:106A400040F02D820136B6B28046B9F1000F18BF72
:106A5000BAF1000F00F02482002D00F0218294F89A
:106A60008030012B00F02082012384F88030052340
:106A700084F881300023C4F88430C4F86490A4F80A
:106A80006A50A4F86850C4F85CA0A4F86250A4F856
:106A90006050236763672268D36823F4C023D36000
:106AA00022689C499C4B9A4218BF8A4209D003F540
:106AB00080639A4202D04FF0080904E04FF01009B9
:106AC00001E04FF0100953686FF30F032B4353603D
:106AD0002268136843F0010313606368B3F5800F05
:106AE00006D0E3680F2B7AD94FEA990BA9461FE02D
:106AF0002268136843F400731360F2E723685A694D
:106B0000B9F1000F14D0596911F0010F32D0626E43
:106B10001B6B1360636E04336366B4F86A309BB218
:106B2000013B9BB2A4F86A30B4F86A901FFA89F965
:106B300045EA09039BB2002B00F0948123685A694F
:106B400012F0020FDAD0002DD8D005EB0B029145E0
:106B5000D4D2E26D12681A62E36D0433E365B4F8CF
:106B600062309BB2013B9BB2A4F86230B4F8625031
:106B7000ADB2C3E7B14514D212F4004F11D0626E2A
:106B80001B6B1360636E04336366B4F86A309BB2A8
:106B9000013B9BB2A4F86A30B4F86A901FFA89F9F5
:106BA000C6E7FBF759FBA0EB08000C9B984202D309
:106BB000B3F1FF3F02D10C9B002BB9D12046FFF768
:106BC00071FCD4F8843043F48073C4F8843001231A
:106BD00084F88130002384F88030032760E1072B9C
:106BE00040F23E814FEA59039A46A9461AE02368CB
:106BF0005A69B9F1000F15D05B6913F0010F34D059
:106C0000636EBBF830201A80636E02336366B4F89B
:106C10006A309BB2013B9BB2A4F86A30B4F86A9028
:106C20001FFA89F945EA09039BB2002B00F01A818B
:106C300023685B6913F0020FD9D0002DD7D05346DB
:106C4000EB189945D3D2E36D1B88ABF82030E36D88
:106C50000233E365B4F862309BB2013B9BB2A4F807
:106C60006230B4F86250ADB2C1E7B1451BD212F444
:106C7000004F18D0636EBBF830201A80636E9A1CE8
:106C80006266BBF830205A80636E02336366B4F8E4
:106C90006A309BB2023B9BB2A4F86A30B4F86A90A7
:106CA0001FFA89F9BEE7B9F1010F15D112F4005F9F
:106CB00012D0636EBBF830201A80636E02336366B5
:106CC000B4F86A309BB2013B9BB2A4F86A30B4F8C6
:106CD0006A901FFA89F9A5E7FBF7BEFAA0EB080056
:106CE0000C9B984202D3B3F1FF3F02D10C9B002BC7
:106CF00098D12046FFF7D6FBD4F8843043F4807354
:106D0000C4F88430012384F88130002384F8803073
:106D10000327C5E0003001400038004023685A696D
:106D2000BBF1000F15D0596911F0010F34D0626E1C
:106D300093F830301370636E01336366B4F86A30D1
:106D40009BB2013B9BB2A4F86A30B4F86AB01FFA58
:106D50008BFB45EA0B039BB2002B00F0838023687A
:106D60005A6912F0020FD9D0002DD7D005EB0902D5
:106D70009345D3D2E26D127883F82020E36D01337E
:106D8000E365B4F862309BB2013B9BB2A4F8623079
:106D9000B4F86250ADB2C1E7B3452AD212F4004F45
:106DA00027D0626E93F830301370636E5A1C62669F
:106DB000226892F830205A70636E5A1C626622680C
:106DC00092F830205A70636E5A1C6266226892F8FC
:106DD00030205A70636E01336366B4F86A309BB238
:106DE000043B9BB2A4F86A30B4F86AB01FFA8BFB7C
:106DF000AFE7BBF1030F15D812F4C04F12D0626E8B
:106E000093F830301370636E01336366B4F86A3000
:106E10009BB2013B9BB2A4F86A30B4F86AB01FFA87
:106E20008BFB96E7FBF718FAA0EB08000C9B984247
:106E300002D3B3F1FF3F02D10C9B002B89D1204636
:106E4000FFF730FBD4F8843043F48073C4F8843007
:106E5000012384F88130002384F8803003271FE069
:106E6000AB4676E7CDF800800C9B00220821204637
:106E7000FFF788FB28B1D4F8843043F02003C4F82E
:106E800084302046FFF70EFB012384F88130002375
:106E900084F88030D4F8843013B9002700E002274A
:106EA000384603B0BDE8F08F0227F9E77047704716
:106EB0007047704708B5806B0023A0F86A30A0F8CF
:106EC0006230012380F88130FFF7F3FF08BD70477F
:106ED0002DE9F843044606683269736902EA03053E
:106EE000D6F8089090F88170FFB213F4006F02D0CA
:106EF00012F0080F3FD105F06403042B42D00023A9
:106F000005F04508B8F1010F44D005F02602022A29
:106F100045D0002B46D115F0080F79D0226893692F
:106F200043F0080393612268936943F0100393616F
:106F30002268936943F4006393612268136923F024
:106F40000803136123689B6813F4404F3BD020462D
:106F5000FFF7A8FA012384F88130D4F88430002B9D
:106F60004AD1052F4CD0042F4ED0032F1AD12046E2
:106F7000FFF79CFF16E0B36943F40063B361FFF7CA
:106F8000A6FF0FE0636F20469847236F204698477F
:106F90000123B5E7236F204698474346B5E7636F63
:106FA00020469847BDE8F883072B1CD9636E328EC4
:106FB0001A80636E02336366B4F86A309BB2013B99
:106FC0009BB2A4F86A30B4F86A309BB2002BBED0F2
:106FD000E3680F2BE8D92268636E126B1A60636E48
:106FE00004336366E8E72268636E92F830201A7013
:106FF000636E01336366DFE72046FFF75AFFD1E790
:107000002046FFF755FFCDE72046FFF750FFC9E7C1
:1070100015F4587FC6D015F0400F0AD0D4F884304C
:1070200043F00403C4F884302268936943F04003BA
:10703000936115F4007F0AD0D4F8843043F0010343
:10704000C4F884302268936943F40073936115F4A3
:10705000807F0AD0D4F8843043F00803C4F8843029
:107060002268936943F48073936115F0200F0AD06E
:10707000D4F8843043F08003C4F8843022689369E4
:1070800043F020039361D4F88430002B8AD0226827
:10709000136823F001031360226811691A4B0B4037
:1070A000136109F44049B9F5404F25D1226893682E
:1070B00023F440439360E36F5BB1144A1A65E06FB9
:1070C000FCF700F828B1D4F8843043F04003C4F84A
:1070D0008430A36F002B3FF465AF0C4A1A65A06F94
:1070E000FBF7F0FF00283FF45DAFD4F8843043F0A5
:1070F0004003C4F8843055E7012384F881302046EA
:10710000FFF7D7FE4EE700BF94FCFFFFB56E000807
:107110007047000090F83D30DBB2012B42D10223D2
:1071200080F83D300268D36843F00103D360036800
:107130001E4AB3F1804F18BF934225D0A2F57C427E
:10714000934221D002F5806293421DD002F5806205
:10715000934219D002F57842934215D0A2F56C42C1
:10716000934211D002F5943293420DD0A2F5C04261
:10717000934209D002F58062934205D01A6842F02A
:1071800001021A60002070479968094A0A40062ADD
:1071900018BFB2F5803F07D01A6842F001021A60AA
:1071A0000020704701207047002070470000014018
:1071B00007000100704770477047704770B504467C
:1071C0000368DE681D6915F0020F10D016F0020F7B
:1071D0000DD06FF002021A610123037703689B69E7
:1071E00013F0030F64D0FFF7E6FF0023237715F0B9
:1071F000040F12D016F0040F0FD023686FF00402B2
:107200001A610223237723689B6913F4407F55D0CA
:107210002046FFF7D0FF0023237715F0080F12D088
:1072200016F0080F0FD023686FF008021A610423CC
:1072300023772368DB6913F0030F46D02046FFF75E
:10724000BAFF0023237715F0100F12D016F0100F9D
:107250000FD023686FF010021A6108232377236888
:10726000DB6913F4407F37D02046FFF7A4FF0023EB
:10727000237715F0010F02D016F0010F33D115F46A
:10728000025F02D016F0800F35D115F4807F02D056
:1072900016F0800F37D115F0400F02D016F0400FD6
:1072A00039D115F0200F02D016F0200F3BD170BD60
:1072B000FFF780FF2046FFF77FFF96E72046FFF7A6
:1072C00079FF2046FFF778FFA5E72046FFF772FF1A
:1072D0002046FFF771FFB4E72046FFF76BFF20461B
:1072E000FFF76AFFC3E723686FF001021A612046C7
:1072F000FAF7AAF9C3E723686FF402521A6120462D
:1073000000F0E3F8C1E723686FF480721A61204649
:1073100000F0DCF8BFE723686FF040021A612046F6
:10732000FFF74BFFBDE723686FF020021A6120468C
:1073300000F0CAF8BBE7000030B50368424A90424B
:1073400014BF4FF0000E4FF0010EB0F1804F14BF8C
:1073500072464EF00102AAB93C4CA04214BF002470
:1073600001243B4DA8420DD064B904F1804404F5DA
:107370008234A04214BF0024012405F50065A84210
:1073800000D01CB123F070034C68234362BB2F4A2A
:10739000904214BF002201222D4CA04224D01ABBDF
:1073A00002F1804202F58232904214BF0022012293
:1073B00004F50064A04217D0B2B9264A904214BF27
:1073C0000022012204F59A34A0420DD062B9224A6B
:1073D000904214BF0022012204F50064A04203D0B1
:1073E00012B91E4A904204D123F4407CCB6843EA90
:1073F0000C0323F080034A69134303608A68C26266
:107400000A688262164A904214BF73464EF0010326
:1074100063B9104B984214BF0023012302F5705248
:10742000904203D013B90F4B984201D10B6903630B
:1074300001234361036913F0010F03D0036923F0B3
:107440000103036130BD00BF00000140000800409F
:10745000000400400044014000E0004000E400401F
:10746000000401400048014060B310B5044690F8A4
:107470003D3013B3022384F83D30214651F8040B0C
:10748000FFF75AFF012384F8483084F83E3084F82F
:107490003F3084F8403084F8413084F8423084F83A
:1074A000433084F8443084F8453084F8463084F81A
:1074B000473084F83D30002010BD80F83C30FFF7A5
:1074C00027FED7E701207047704770477047026872
:1074D00052E8003F23F0C00342E800310029F6D112
:1074E000026802F1080353E8003F23F40003083266
:1074F00042E800310029F3D12023C0F888307047DA
:10750000026852E8003F23F4907342E800310029FA
:10751000F6D1026802F1080353E8001F0D4B0B403F
:10752000083242E800310029F3D1C36E012B06D0A6
:107530002023C0F88C300023C3664367704702687D
:1075400052E8003F23F0100342E800310029F6D151
:10755000EEE700BFFEFFFFEF704708B5026852E894
:10756000003F23F0400342E800310029F6D12023F8
:10757000C0F8883000238367FFF7EEFF08BD70472F
:10758000704738B5846BD4F88820D4F88C502368C1
:107590009B6813F0800F01D0212A10D023689B68CC
:1075A00013F0400F01D0222D10D0D4F8903043F0CA
:1075B0001003C4F89030204602F034FA38BD00239E
:1075C000A4F856302046FFF782FFE7E70023A4F82F
:1075D0005E302046FFF794FFE7E708B5806B002395
:1075E000A0F85E30A0F8563002F01CFA08BD00008A
:1075F00070B504460268D3691068916840F60F0CB4
:1076000013EA0C0F0DD113F0200F10D010F0200F43
:1076100002D111F0805F0AD0636F93B32046984780
:107620002FE0884D0D402DD1874E30422AD1E56E96
:10763000012D00F0C08013F4801F03D011F4800FDF
:1076400040F0948113F0800F07D010F0800F40F0CD
:10765000948111F4000F40F0908113F0400F03D09B
:1076600010F0400F40F0908113F4000F03D010F0A1
:10767000804F40F08D8113F0807F02D00028C0F24F
:107680008B8170BD13F0010F09D010F4807F06D0FC
:1076900001261662D4F890203243C4F8902013F0EB
:1076A000020F0BD011F0010F08D0226802261662DB
:1076B000D4F8902042F00402C4F8902013F0040F94
:1076C0000BD011F0010F08D0226804261662D4F8FE
:1076D000902042F00202C4F8902013F0080F0BD063
:1076E00010F0200F00D13DB1226808251562D4F8B2
:1076F00090202A43C4F8902013F4006F0CD010F0AF
:10770000806F09D022684FF400651562D4F890208C
:1077100042F02002C4F89020D4F89020002AB0D083
:1077200013F0200F09D010F0200F02D111F0805F6C
:1077300003D0636F0BB120469847D4F8902023689C
:107740009B6813F0400F02D112F0280F2CD0204676
:10775000FFF7D6FE23689B6813F0400F20D0226805
:1077600002F1080353E8003F23F04003083242E8E7
:1077700000310029F3D1D4F880306BB1334A1A6557
:10778000D4F88000FBF79EFC00283FF47AAFD4F8D1
:107790008000036D984774E7204602F043F970E7D4
:1077A000204602F03FF96CE7204602F03BF9002347
:1077B000C4F8903065E713F0100F3FF43CAF10F0C1
:1077C000100F3FF438AF1023136223689B6813F047
:1077D000400F00F09180D4F8802013681C481D49A8
:1077E0008B4218BF834237D018318B4234D01831C6
:1077F0008B4231D018318B422ED018318B422BD096
:1078000018318B4228D018318B4225D001F55671A2
:107810008B4221D018318B421ED018318B421BD0A5
:1078200018318B4218D018318B4215D018318B4249
:1078300012D018318B420FD018318B420CD05B68BC
:107840009BB20BE00100001020010004DB75000872
:1078500010000240280002405B689BB2002B3FF4FE
:1078600010AFB4F85C1099427FF60BAFA4F85E300D
:10787000D369B3F5807F32D0226852E8003F23F409
:10788000807342E800310029F6D1226802F1080332
:1078900053E8003F23F00103083242E80031002999
:1078A000F3D1226802F1080353E8003F23F04003BC
:1078B000083242E800310029F3D12023C4F88C308B
:1078C0000023E366226852E8003F23F0100342E8F9
:1078D00000310029F6D1D4F88000FBF753FA0223D7
:1078E0002367B4F85C10B4F85E309BB2C91A89B251
:1078F000204602F07DF8C4E6B4F85C10B4F85E30BF
:107900009BB2C91A89B2B4F85E309BB2002B3FF427
:10791000B8AE00293FF4B5AE226852E8003F23F428
:10792000907342E800300028F6D1226802F1080383
:1079300053E8000F1A4B0340083242E80030002899
:10794000F3D12023C4F88C300023E36663672268F8
:1079500052E8003F23F0100342E800300028F6D13F
:1079600002232367204602F043F88AE64FF480138F
:107970001362204600F006FE83E6A36F002B3FF45F
:1079800080AE204698477CE62046FFF7E6FD78E685
:10799000204600F0F9FD74E6204600F0F4FD70E6A4
:1079A000FEFFFFEF08B5806B01230367C36E012B59
:1079B00002D0FFF7E5FD08BDB0F85C10490802F001
:1079C00017F8F8E708B50346806BDB69B3F5807FED
:1079D00029D00023A0F85E30026852E8003F23F46B
:1079E000807342E800310029F6D1026802F10803F1
:1079F00053E8003F23F00103083242E80031002938
:107A0000F3D1026802F1080353E8003F23F040037A
:107A1000083242E800310029F3D12023C0F88C302D
:107A2000C36E012B07D000230367C36E012B0CD05C
:107A3000FFF7A5FD08BD026852E8003F23F01003E0
:107A400042E800310029F6D1EDE7B0F85C1001F012
:107A5000CFFFEFE770B586B0044683680269134331
:107A600042691343C269134301680868904A02409F
:107A70001A430A602268536823F44053E1680B43B9
:107A80005360A16922688B4B9A4201D0236A194343
:107A90009068894B03400B4393602268D36A23F0BC
:107AA0000F03616A0B43D3622368844A934229D04F
:107AB000834A934200F09480824A934200F0AA8065
:107AC000814A934200F0C080804A934200F0D68001
:107AD0007F4A934200F008817E4A934200F02D8154
:107AE0007D4A934200F040817C4A934200F05381EA
:107AF0007B4A934200F078816E4A934200F09D8168
:107B0000802233E0774A526D02F03802282A65D885
:107B1000DFE812F02900640064006400640064007F
:107B200064006400AB0164006400640064006400ED
:107B3000640064002B00640064006400640064005E
:107B4000640064005E00640064006400640064001B
:107B50006400640060006400640064006400640009
:107B6000640064006200012200E0082251498B4257
:107B700000F09481E069B0F5004F00F00A82202AFD
:107B800000F26182202A00F2AE82DFE812F0630286
:107B90007D02AC02AC028002AC02AC02AC028502F7
:107BA000AC02AC02AC02AC02AC02AC02AC028A0287
:107BB000AC02AC02AC02AC02AC02AC02AC02AC0255
:107BC000AC02AC02AC02AC02AC02AC02AC0296025B
:107BD0001022CBE72022C9E74022C7E78022C5E771
:107BE000404A526D02F00702052A11D8DFE812F070
:107BF00006003F0108000A000C000E000022B5E755
:107C00000822B3E71022B1E72022AFE74022ADE718
:107C10008022ABE7334A526D02F00702052A11D8E1
:107C2000DFE812F00600270108000A000C000E0031
:107C300000229BE7082299E7102297E7202295E788
:107C4000402293E7802291E7264A526D02F0070214
:107C5000052A11D8DFE812F006000F0108000A001B
:107C60000C000E00002281E708227FE710227DE74A
:107C700020227BE7402279E7802277E7194A526D7C
:107C800002F00702052A11D8DFE812F00600F7001B
:107C900008000A000C000E00002267E7082265E7D2
:107CA000102263E7202261E740225FE780225DE740
:107CB000F369FFCF000C0058FFF4FF1100100140E2
:107CC0000044004000480040004C0040005000408C
:107CD0000014014000780040007C00400018014082
:107CE000001C014000440258694A526D02F03802FB
:107CF000282A20D8DFE802F0151F1F1F1F1F1F1F93
:107D0000C31F1F1F1F1F1F1F171F1F1F1F1F1F1FE7
:107D1000191F1F1F1F1F1F1F1B1F1F1F1F1F1F1F7D
:107D20001D00012222E7082220E710221EE7202260
:107D30001CE740221AE7802218E7554A526D02F0EC
:107D40000702052A0ED8DFE802F0039C0507090B9D
:107D500000220BE7082209E7102207E7202205E7A7
:107D6000402203E7802201E7494A526D02F00702F0
:107D7000052A0ED8DFE802F003870507090B002269
:107D8000F4E60822F2E61022F0E62022EEE6402297
:107D9000ECE68022EAE63E4A526D02F03802282ADA
:107DA00020D8DFE802F0151F1F1F1F1F1F1F721FA3
:107DB0001F1F1F1F1F1F171F1F1F1F1F1F1F191FE1
:107DC0001F1F1F1F1F1F1B1F1F1F1F1F1F1F1D00E8
:107DD0000122CBE60822C9E61022C7E62022C5E62A
:107DE0004022C3E68022C1E6294A526D02F03802E1
:107DF000282A20D8DFE802F0151F1F1F1F1F1F1F92
:107E00004E1F1F1F1F1F1F1F171F1F1F1F1F1F1F5B
:107E1000191F1F1F1F1F1F1F1B1F1F1F1F1F1F1F7C
:107E20001D000122A2E60822A0E610229EE62022E2
:107E30009CE640229AE6802298E602F50E32926D88
:107E400002F00702052A0ED8DFE802F00326050734
:107E5000090B02228AE6082288E6102286E6202202
:107E600084E6402282E6802280E604227EE6042226
:107E70007CE604227AE6042278E6042276E60422EE
:107E800074E6042272E6042270E604226EE600BF65
:107E900000440258042269E6042267E6202A27D813
:107EA000022AC0F00E81023A1E2A00F20C81DFE89D
:107EB00012F026000A0156000A010A010A015B00BD
:107EC0000A010A010A010A010A010A010A01600005
:107ED0000A010A010A010A010A010A010A010A014A
:107EE0000A010A010A010A010A010A010A016C00D9
:107EF000402A02D14FF4004006E00120F4E0FEF7F2
:107F0000BFF8002800F0E180626A7E4B33F812204F
:107F1000B0FBF2F3656805EB4501994200F2D780AA
:107F2000B3EB053F00F2D580002633463146F8F723
:107F3000F3FB090241EA106100026B08C0182A46EF
:107F4000334641F10001F8F7E7FBA0F540726E4BB4
:107F50009A4200F2C0802368D8603046C4E003A88B
:107F6000FEF7A0F80498CCE76846FEF79BF9019865
:107F7000C7E7664B1B6813F0200F08D0634B1B68E4
:107F8000C3F3C1036248D840BEE76248BCE760481B
:107F9000BAE7202A15D8202A00F29F80DFE802F0F5
:107FA00015369D9D399D9D9D3E9D9D9D9D9D9D9DB3
:107FB000439D9D9D9D9D9D9D9D9D9D9D9D9D9D9D4B
:107FC0004F00402A06D001208EE0FDF7EDF9002891
:107FD00000F08580626A4B4B33F81230B0FBF3F04F
:107FE0006268530803EB4003B3FBF2F3A3F1100103
:107FF0004FF6EF72914274D89AB222F00F02C3F397
:10800000420313432268D36000206DE0FDF7DEF9E0
:10801000DDE703A8FEF746F80498D8E76846FEF7C0
:1080200041F90198D3E7394B1B6813F0200F08D0B2
:10803000364B1B68C3F3C1033548D840CAE73548FF
:10804000C8E73348C6E7402A02D14FF4004005E0B4
:10805000012049E0FDF7A8F900284FD0626A294BBA
:1080600033F81230B0FBF3F0636800EB5300B0FB61
:10807000F3F0A0F110024FF6EF739A4240D8236854
:1080800080B2D86000202FE0FDF7A0F9E4E703A854
:10809000FEF708F80498DFE76846FEF703F9019851
:1080A000DAE71A4B1B6813F0200F08D0174B1B6838
:1080B000C3F3C1031648D840D0E71648CEE71448AA
:1080C000CCE7012010E001200EE000200CE00120B0
:1080D0000AE0012008E0012006E0012004E0002081
:1080E00002E0012000E001200123A4F86A30A4F896
:1080F000683000236367A36706B070BD0020F3E714
:108100000120F1E7601A0108FFFC0F00004402584B
:108110000090D00300093D00836A13F0080F06D0D9
:108120000268536823F40043816B0B435360836AF6
:1081300013F0010F06D00268536823F40033C16ABC
:108140000B435360836A13F0020F06D00268536832
:1081500023F48033016B0B435360836A13F0040FE5
:1081600006D00268536823F48023416B0B435360AD
:10817000836A13F0100F06D00268936823F48053CB
:10818000C16B0B439360836A13F0200F06D0026823
:10819000936823F40053016C0B439360836A13F0DC
:1081A000400F0AD00268536823F48013416C0B43DC
:1081B0005360436CB3F5801F0BD0836A13F0800FBC
:1081C00006D00268536823F40023C16C0B4353604C
:1081D00070470268536823F4C003816C0B435360FB
:1081E000EBE72DE9F84305460E4617469946DDF8BC
:1081F00020802B68DC6936EA04040CBF01240024CB
:10820000BC423AD1B8F1FF3FF3D0FAF725F8A0EB22
:108210000900404534D8B8F1000F33D02B681A68F4
:1082200012F0040FE5D0B6F1400218BF0122802EF3
:10823000DFD0002ADDD0DA6912F0080F11D1DA6937
:1082400012F4006FD5D04FF400621A622846FFF78F
:1082500057F92023C5F89030002385F88430032097
:108260000CE008241C622846FFF74AF9C5F8904044
:10827000002385F88430012000E00020BDE8F88369
:108280000320FBE70320F9E72DE9F04182B01E4609
:10829000D0F88830202B5BD104460D469046002A4A
:1082A00018BF002901D1012053E00023C0F890300D
:1082B0002123C0F88830F9F7CFFF0746A4F854808F
:1082C000A4F85680A368B3F5805F02D04FF0000891
:1082D00016E0236943B34FF0000811E02023C4F8EF
:1082E0008830032035E038F8023B2268C3F30803E6
:1082F0009362B4F8562092B2013A92B2A4F8562092
:10830000B4F856309BB293B100963B4600228021D0
:108310002046FFF766FF0028E0D1002DE3D015F8D6
:10832000012B23689A62E4E7A8460025E8E7009657
:108330003B46002240212046FFF753FF18B9202377
:10834000C4F8883005E02023C4F88830032000E01A
:10835000022002B0BDE8F08130B583B004460023AE
:10836000C0F89030F9F778FF05462268126812F0DD
:10837000080F10D123681B6813F0040F28D12023A5
:10838000C4F88830C4F88C300020E066206784F898
:10839000840003B030BD6FF07E430093034600229B
:1083A0004FF400112046FFF71CFF0028E2D022689E
:1083B00052E8003F23F0800342E800310029F6D163
:1083C0002023C4F88830002384F884300320E0E7B9
:1083D0006FF07E4300932B4600224FF4800120462D
:1083E000FFF7FFFE0028CAD0226852E8003F23F4BE
:1083F000907342E800310029F6D1226802F10803A7
:1084000053E8003F23F00103083242E8003100291D
:10841000F3D12023C4F88C30002384F88430032067
:10842000B7E778B310B50446D0F888300BB32423EF
:10843000C4F888302268136823F001031360A36A2C
:10844000E3B92046FFF706FB012811D022685368E4
:1084500023F4904353602268936823F02A039360C7
:108460002268136843F0010313602046FFF774FF8E
:1084700010BD80F88430F9F735FDD8E72046FFF7C6
:108480004BFEDEE70120704710B5044613468165B8
:10849000A0F85C200022C0F890202222C0F88C2096
:1084A000D0F88020AAB12149D163D0F8802020499A
:1084B0001164D0F880201F49D164D0F880200021B9
:1084C00011650168826D2431D0F88000FAF70EFB47
:1084D00020BB236943B1226852E8003F43F4807314
:1084E00042E800310029F6D1226802F1080353E87E
:1084F000003F43F00103083242E800310029F3D184
:10850000226802F1080353E8003F43F040030832B9
:1085100042E800310029F3D1002010BD1023C4F837
:1085200090302023C4F88C300120F6E7C57900088C
:10853000A579000883750008436E2BB90123A0F8C4
:108540006A30A0F86830704730B403689A68C2F3A4
:1085500042629968490F094D6B5C1B01084C615CD4
:1085600093FBF1F3A0F86A30AB5C1B01A25C93FBB8
:10857000F2F3A0F8683030BC704700BF801A0108E1
:10858000781A010870477047704790F88430012BC3
:1085900018D0012380F884302423C0F88830036881
:1085A0001A68196821F00101196022F000520023B5
:1085B000436601680A602022C0F8882080F8843071
:1085C000184670470220704738B590F88430012B68
:1085D0001DD00446012380F884302423C0F888305D
:1085E00003681D681A6822F001021A600268936825
:1085F00023F0604319439160FFF79EFF23681D60DD
:108600002023C4F88830002084F8840038BD02207C
:10861000FCE738B590F88430012B1DD004460123C7
:1086200080F884302423C0F8883003681D681A68F5
:1086300022F001021A600268936823F06063194314
:108640009160FFF779FF23681D602023C4F888300C
:10865000002084F8840038BD0220FCE7D0F88C307C
:10866000202B21D110B50446002A18BF002901D1C2
:10867000012010BD0123C36600230367FFF704FF39
:108680000028F6D1E36E012B01D00120F1E7236829
:1086900010221A62226852E8003F43F0100342E8B9
:1086A00000310029F6D1E4E702207047842801D088
:1086B000033070470020704708B500F06DFD0020C2
:1086C00008BD2DE9F04387B00E464469C4B1856901
:1086D000B5B14768D0F80080D0F81090B0F9080024
:1086E000FFF7E4FF02950194009033464A46414665
:1086F000384600F0E1FC0590059807B0BDE8F0832E
:10870000446805680769B0F90800FFF7CFFF05ABBB
:10871000019300903346BAB22946204600F009FD85
:108720000128E9D00020E8E708B500B9012000F0F1
:1087300085FE002008BD00F1080343604FF0FF32C2
:108740008260C360036100230360704700230361FC
:10875000704743684B609A688A605160996008610D
:10876000036801330360704730B40D68B5F1FF3F13
:1087700011D000F108031C465B681A68AA42FAD9B6
:1087800063684B6099608C606160086103680133C5
:10879000036030BC70470469F2E70369416882688E
:1087A0008A60416851605A68824206D000220261A4
:1087B0001A68013A1A601868704782685A60F5E7CB
:1087C00082B0002301930D4B1B68B3F1FF3F08D02B
:1087D0004FF0500383F31188BFF36F8FBFF34F8FB8
:1087E000FEE74FF0500383F31188BFF36F8FBFF3A1
:1087F0004F8F019B002BFCD002B07047200000245B
:1088000008480068006880F308884FF0000080F393
:10881000148862B661B6BFF34F8FBFF36F8F00DF6E
:1088200000BF000008ED00E0DFF80C00016841F433
:10883000700101607047000088ED00E04FF0807328
:1088400040F8043C21F0010140F8081C054B40F8B9
:108850000C3C40F8202C6FF0020340F8243C4438D4
:10886000704700BFC1870008000000000000000042
:10887000074B19680868B0E8F04F80F30988BFF328
:108880006F8F4FF0000080F311887047AFF30080C6
:10889000A88800244FF0500383F31188BFF36F8F33
:1088A000BFF34F8F0B4A136801331360012B00D0C5
:1088B00070474FF0E023D3F8043D13F0FF0FF7D0DB
:1088C0004FF0500383F31188BFF36F8FBFF34F8FC7
:1088D000FEE700BF20000024094B1B6843B94FF09E
:1088E000500383F31188BFF36F8FBFF34F8FFEE701
:1088F000013B034A13600BB983F31188704700BF33
:108900002000002400000000000000000000000023
:10891000EFF30980BFF36F8F154B1A681EF0100F2D
:1089200008BF20ED108A20E9F04F10602DE9090002
:108930004FF0500080F31188BFF34F8FBFF36F8F5C
:1089400000F0A2FD4FF0000080F3118809BC196807
:108950000868B0E8F04F1EF0100F08BFB0EC108AA6
:1089600080F30988BFF36F8F704700BFAFF30080BB
:10897000A888002408B54FF0500383F31188BFF393
:108980006F8FBFF34F8F00F051FC28B14FF0E02301
:108990004FF08052C3F8042D002383F3118808BDE3
:1089A0004FF0E022002313619361054B1B680549DA
:1089B000A1FB03139B09013B53610723136170471C
:1089C00014000024D34D62104FF0E023D3F8002DA3
:1089D0003D4B9A421CD04FF0E023D3F8002D3B4B87
:1089E0009A421ED030B583B0394B1A78D2B2019278
:1089F000FF221A701B78DBB28DF803309DF803302C
:108A000003F05003334A1370334B07221A601BE004
:108A10004FF0500383F31188BFF36F8FBFF34F8F75
:108A2000FEE74FF0500383F31188BFF36F8FBFF35E
:108A30004F8FFEE7284A1368013B13609DF803300F
:108A40005B00DBB28DF803309DF8033013F0800F2C
:108A5000F0D1214B1B68032B08D04FF0500383F358
:108A60001188BFF36F8FBFF34F8FFEE71B021A4AC7
:108A7000136003F4E0631360019BDBB2144A1370CC
:108A80004FF0E024D4F8203D43F47003C4F8203DB7
:108A9000D4F8203D43F07043C4F8203DFFF780FF39
:108AA00000250E4B1D60FFF7BFFED4F8343F43F0A6
:108AB0004043C4F8343FFFF7A3FE00F0E5FCFFF7A6
:108AC0007FFE284603B030BD71C20F4170C20F4116
:108AD00000E400E02C1200242812002420000024CE
:108AE000134A12F0070F1FD0D11D21F0070147F2E2
:108AF00030535B1A13440A460E480260002141605D
:108B00001344083B23F007030B48036059601960C6
:108B1000991A51601360094B1960094B1960094B90
:108B20004FF000421A60704747F23053E4E700BF4D
:108B30005012002448120024441200243C12002445
:108B40004012002430120024164B1A461B68834240
:108B5000FBD3516802EB010C844509D0416800EB5E
:108B6000010C634509D00360904219D01060704732
:108B70004068014451601046F0E710B40A4C246884
:108B8000A3420BD05B681944416013681B68036003
:108B9000904200D010605DF8044B70470460F7E726
:108BA000704700BF481200244412002438B5044620
:108BB00000F034FB384B1B68B3B1384B1B681C42C8
:108BC00050D1002C50D004F1080214F0070F02D04D
:108BD00022F007020832002A55D0314B1B6893421D
:108BE00053D330490C6804E0FFF77AFFE5E72146EC
:108BF0001C466368934202D22368002BF7D1264BB0
:108C00001B68A34243D00D68083523680B60636876
:108C10009B1A102B10D9A01810F0070F08D04FF096
:108C2000500383F31188BFF36F8FBFF34F8FFEE7BD
:108C300043606260FFF788FF626819490B689B1AFE
:108C40000B60194909688B4201D217490B60134B1D
:108C50001B681343636000232360144A13680133C5
:108C6000136002E0002500E0002500F06BFB15F02A
:108C7000070F0ED04FF0500383F31188BFF36F8FAF
:108C8000BFF34F8FFEE70025EFE70025EDE7002556
:108C9000EBE7284638BD00BF441200243012002400
:108CA00040120024481200243C12002438120024F0
:108CB000002834D038B50446A0F1080550F8043C2B
:108CC000174A1268134208D14FF0500383F31188FA
:108CD000BFF36F8FBFF34F8FFEE750F8081C41B111
:108CE0004FF0500383F31188BFF36F8FBFF34F8FA3
:108CF000FEE723EA020340F8043C00F08FFA54F840
:108D0000041C084A13680B4413602846FFF71CFF35
:108D1000054A13680133136000F014FB38BD704737
:108D2000301200244012002434120024084B1B6827
:108D30001B6823B9074B4FF0FF321A607047044B92
:108D40001B68DB68DB685A68024B1A60704700BF1B
:108D5000F0870024888700242DE9F04707469846CD
:108D6000089DDDF824900A9C266B6FF04043134465
:108D700006EB830626F00706002964D008464FF06C
:108D8000000CBCF10F0F09D810F80C2004EB0C03F9
:108D900083F8342012B10CF1010CF2E7002384F8BF
:108DA0004330062D00D90625E56265644FF0000AC0
:108DB000C4F848A0201DFFF7C9FC04F11800FFF714
:108DC000C5FC2461C5F10705A5616462C4F890A1E2
:108DD00084F894A14FF4A072514604F1500002F0BF
:108DE000D9F91B4B636503F16802A265D033E365D3
:108DF00001220023C4E93A2343F20E33A4F8F030F1
:108E00004AF6CD33A4F8F23041F23423A4F8F4301A
:108E10004EF26D63A4F8F6304DF6EC63A4F8F8302A
:108E20000523A4F8FA300B23A4F8FC304246394657
:108E30003046FFF703FD2060B9F1000F01D0C9F8FB
:108E40000040BDE8F087002384F83430A9E700BF74
:108E5000888B002438B5002407E004EB84029300DB
:108E60000E481844FFF767FC0134062CF5D90C4D69
:108E70002846FFF760FC0B4C2046FFF75CFC0A48D5
:108E8000FFF759FC0948FFF756FC0948FFF753FC68
:108E9000084B1D60084B1C6038BD00BF1C880024B7
:108EA00008880024F4870024D8870024C48700247D
:108EB000AC870024F0870024EC87002410B504461A
:108EC000FFF7E8FC214A136801331360204B1B684D
:108ED0005BB1204B1B686BB91D4B1B68DA6AE36AF8
:108EE0009A4207D81A4B1C6004E0194B1C601368A7
:108EF000012B28D0184A136801331360E06A01235C
:108F00008340164A11680B43136000EB8000211D5B
:108F1000134B03EB8000FFF71CFCFFF7DDFC0D4B50
:108F20001B687BB10A4B1B68DA6AE36A9A4209D272
:108F30004FF0E0234FF08052C3F8042DBFF34F8F62
:108F4000BFF36F8F10BDFFF785FFD3E7A88700241D
:108F5000A88800249C8700248C870024A0870024F4
:108F60001C88002410B50446503002F077F994F8BC
:108F7000953163B1012B11D0022B0ED04FF050036D
:108F800083F31188BFF36F8FBFF34F8FFEE7206B22
:108F9000FFF78EFE2046FFF78BFE10BD2046FFF741
:108FA00087FEFAE70F4B1B68D3B110B5FFF772FCD1
:108FB0000D4BDB68DC68201DFFF7EFFB0B4A1368E5
:108FC000013B1360074A1368013B1360FFF784FC01
:108FD0002046FFF7C7FF034B1B68002BE6D110BDEF
:108FE000704700BFC0870024C4870024A8870024DE
:108FF00008B5FFF7D7FF074B1B68012BF9D94FF0D6
:10900000E0234FF08052C3F8042DBFF34F8FBFF31E
:109010006F8FEEE71C88002470B504460D461F4B89
:109020001E681F4B18680430FFF7B7FB48B91C4B8C
:109030001B68DB6A01229A401A490B6823EA020383
:109040000B60B4F1FF3F14BF00230123002D08BFC4
:1090500000236BB93444124B1B685C60A6420ED9E6
:10906000114B18680E4B19680431FFF77DFB70BD7A
:109070000B4B196804310D48FFF76BFBF7E70C4BFE
:109080001868074B19680431FFF76EFB094B1B6822
:10909000A342ECD9074B1C60E9E700BFA48700247A
:1090A000A8880024A0870024EC870024AC87002433
:1090B000F08700248887002430B587B00B9C8CB1E2
:1090C0000C9DC5B14FF4CC750495049DB5F5CC7FCE
:1090D0001AD04FF0500383F31188BFF36F8FBFF3A3
:1090E0004F8FFEE74FF0500383F31188BFF36F8F6C
:1090F000BFF34F8FFEE74FF0500383F31188BFF3A8
:109100006F8FBFF34F8FFEE7049D0C9D2C630224ED
:1091100085F8954100240394029505AC01940A9CBE
:109120000094FFF719FE0C98FFF7C8FE059807B0EA
:1091300030BD2DE9F04385B00746884614461E46EB
:109140009000FFF733FD10B381464FF4CC70FFF76A
:109150002DFD0546A8B1C0F83090002380F8953168
:10916000039302900D9B01930C9B00933346224680
:1091700041463846FFF7F0FD2846FFF79FFE0120E5
:1091800007E04846FFF794FD4FF0FF3001E04FF055
:10919000FF3005B0BDE8F08310B588B00024059419
:1091A000069407AA06A905A8F8F71CF9059B0293DF
:1091B000069B019300942346079A10491048FFF735
:1091C0007BFF104B1860B8B14FF0500383F3118848
:1091D000BFF36F8FBFF34F8F0B4B1B6850330B4A9E
:1091E00013600B4B4FF0FF321A600A4B01221A60DA
:1091F000094B1C60FFF7E8FB08B010BD80180108A0
:10920000F18F000884870024A888002448000024E7
:10921000888700249C870024A4870024024A1368BE
:1092200001331360704700BF80870024F8B53A4BC4
:109230001B68002B69D1394B1D6801351D60C5B90C
:10924000374B1B681B6843B14FF0500383F3118801
:10925000BFF36F8FBFF34F8FFEE7314A1168314B79
:10926000186810601960304A136801331360FFF703
:109270005DFD2E4B1B68AB423DD900272C4B1B6874
:10928000DB6A03EB83039A002A4B9B58012B00D91E
:109290000127294B1B68002B3CD001273AE001270E
:1092A0001F4B1B681B6843B31D4B1B68DB68DC68E6
:1092B00063689D4226D3261D3046FFF76EFAA36AE7
:1092C0001BB104F11800FFF768FAE36A01229A4023
:1092D0001A49086802430A6003EB83039A00314687
:1092E00014481044FFF735FAE26A114B1B68DB6A39
:1092F0009A42D4D2D4E70027D2E70C4B4FF0FF328A
:109300001A60BBE7094A1360B8E70D4A13680133D6
:10931000136000273846F8BD80870024A487002406
:10932000F0870024EC87002490870024888700249D
:10933000A88800241C88002494870024A087002487
:109340009887002438B5354B1B6843B94FF050035C
:1093500083F31188BFF36F8FBFF34F8FFEE7FFF7E3
:1093600099FA2E4B1A68013A1A601B68002B4FD1EC
:109370002B4B1B680BB900244BE00024294B1B68C6
:109380001BB3284BDB68DC6804F11800FFF705FA13
:10939000251D2846FFF701FAE06A01238340224A8F
:1093A00011680B43136000EB800029461F4B03EB51
:1093B0008000FFF7CEF9E26A1D4B1B68DB6A9A4218
:1093C000DCD31C4B01221A60D8E70CB1FFF7AEFCCE
:1093D000194B1C6884B9174B1C68D4B14FF0E023BB
:1093E0004FF08052C3F8042DBFF34F8FBFF36F8F40
:1093F00001240EE0013C07D0FFF718FF0028F9D048
:109400000C4B01221A60F5E70B4B00221A60E2E7D1
:109410000024FFF761FA204638BD00BF8087002492
:10942000A8870024D8870024A08700241C88002453
:10943000A8880024948700249887002410B5A8B138
:109440000446104B1B6843B14FF0500383F311885F
:10945000BFF36F8FBFF34F8FFEE7FFF7DFFE0021F3
:109460002046FFF7D9FDFFF76DFF48B94FF0E02325
:109470004FF08052C3F8042DBFF34F8FBFF36F8FAF
:1094800010BD00BF80870024224B1B681BB1224BFC
:1094900001221A607047204B00221A601F4B1B6884
:1094A000B3FA83F3DBB2C3F11F0303EB83018A003A
:1094B0001B498A5842B94FF0500383F31188BFF318
:1094C0006F8FBFF34F8FFEE7154803EB83018A00D0
:1094D000024451684968516003EB830C4FEA8C02E7
:1094E0000832024491420DD003EB83039A000C4BE7
:1094F00013445B68DA680B4B1A601B6850330A4AE6
:1095000013607047486862469100054A0A445060FB
:10951000EAE700BF8087002494870024A087002406
:109520001C880024A888002448000024084AD2F897
:10953000FC3043F08073C2F8FC30064B064AC3F897
:10954000B02F00225A601A6842F001021A60704778
:1095500000ED00E0001000E055CEACC5704708B546
:10956000FFF7E4FF08BD0000074B5A68074B1B6874
:109570000749A1FB03139B0C03FB00F0024B5B6844
:109580009B1A8342FAD37047001000E014000024B5
:1095900083DE1B4310B504E04FF47A70FFF7E4FF5D
:1095A0002046431E9CB20028F6D110BD08B500220B
:1095B00001210248FBF76EF908BD00BF0008025800
:1095C00008B5012211460248FBF764F908BD00BF47
:1095D0000008025808B5002208210248FBF75AF992
:1095E00008BD00BF0008025808B501220821024842
:1095F000FBF750F908BD00BF0008025800B587B05E
:109600008DF80F004FF47A73009301230DF11702C8
:109610000DF10F010348FDF701FA9DF8170007B09F
:109620005DF804FB840E002410B50C46FFF7E6FF3E
:109630002046FFF7E3FF10BD10B50C4640F0800058
:10964000FFF7DCFF5520FFF7D9FF207010BD38B5BC
:109650000D46144640F08000FFF7D0FF06E055208D
:10966000FFF7CCFF05F8010B013CE4B2002CF6D16A
:1096700038BD000070B5FFF799FF8020FFF7BEFFEF
:109680005520FFF7BBFF5520FFF7B8FFFFF798FF06
:109690009620FFF769FFFFF789FF8020FFF7AEFFF5
:1096A0005520FFF7ABFF5520FFF7A8FFFFF788FF16
:1096B0009620FFF759FFFFF779FFB6217E20FFF7CD
:1096C000B3FFFFF77DFF5020FFF764FFFFF76EFF4A
:1096D0008020FFF793FF5520FFF790FF5520FFF7FD
:1096E0008DFFFFF76DFF9620FFF73EFFFFF75EFF50
:1096F0008020FFF783FF5520FFF780FF5520FFF7FD
:109700007DFF0446FFF75CFF9620FFF72DFF1E2C20
:1097100032D10024052C2DD8FFF748FF174A04EB5F
:109720004403D1184E78D55C31462846FFF77CFFBC
:10973000FFF746FF9620FFF717FFFFF737FF45F0CB
:109740008000FFF75BFF5520FFF758FF5520FFF71C
:1097500055FF0546FFF734FF9620FFF705FFAE42A1
:1097600002D10134E4B2D5E704EB4404034B2344B3
:10977000987800E0002070BDFF20FCE79C1A0108EB
:1097800070B582B000248DF80740FFF723FF0DF17C
:1097900007012046FFF750FFFFF726FF9620FFF74F
:1097A000E3FEFFF717FF0DF107012046FFF744FF27
:1097B000FFF71AFF9620FFF7D7FEFFF70BFFB62142
:1097C0001420FFF731FFFFF70FFF5020FFF7E2FEF5
:1097D000FFF700FF0DF107012046FFF72DFFFFF710
:1097E00003FF9620FFF7C0FEFFF7F4FE0DF107011F
:1097F0002046FFF721FFFFF7F7FE9620FFF7B4FEA4
:109800009DF807300F2B2ED1052C29D8FFF7E2FE4B
:10981000164A04EB4403D1184D78D65C29463046ED
:10982000FFF702FFFFF7E0FE9620FFF79DFEFFF730
:10983000D1FE0DF107013046FFF7FEFEFFF7D4FE23
:109840009620FFF791FE9DF807309D4202D101342A
:10985000E4B2D9E704EB4404044B2344987800E0D5
:10986000002002B070BDFF20FBE700BF881A01088E
:1098700010B5FFF773FEFFF772FEFFF7FBFE04461D
:10988000FFF77EFF2043C0B210BD0000F0B583B0EB
:1098900006460D461446002700970197FFF786FEFF
:1098A0009220FFF7ABFE062269461220FFF7CFFE9B
:1098B000FFF786FE9DF801301B021BB29DF80020C9
:1098C000134307EE903AF8EEE77A474A92ED007AB2
:1098D00067EE877AC5ED007A9DF803301B021BB254
:1098E0009DF802100B4307EE903A92ED007AF8EEE5
:1098F000E77A67EE877AC5ED017A9DF805301B029D
:109900001BB29DF80420134307EE903AF8EEE77A75
:1099100067EE877AC5ED027AFFF75CFE082269469A
:109920003846FFF794FEFFF75FFE9DF800300F2BDF
:1099300027D0FFF73BFEA220FFF760FE0222694618
:109940002220FFF784FEFFF73BFE9DF800209DF8E4
:1099500001305B0943EAC203B3F5806F01DBA3F575
:10996000006307EE903AF8EEE77AB4EE007A67EE1D
:10997000877AB3EE077A77EE877AC4ED007A03B080
:10998000F0BD9DF803301B021BB29DF8022013436B
:1099900007EE903AF8EEE77A144A92ED007A67EE15
:1099A000877AC6ED007A9DF805301B021BB29DF840
:1099B00004100B4307EE903A92ED007AF8EEE77A46
:1099C00067EE877AC6ED017A9DF807301B021BB25D
:1099D0009DF80620134307EE903AF8EEE77A67EE1B
:1099E000877AC6ED027AA4E7280000242400002428
:1099F0000268094B9A4200D0704710B504461229FC
:109A000005D0242205492046FEF728FE10BD034953
:109A1000034801F029F8F4E7005000405C8A002474
:109A2000448A00240268094B9A4200D0704770B5FE
:109A30000446074D242632460021284601F0AAFBA1
:109A4000324629462046FEF709FE70BD0050004010
:109A50005C8A002400B583B00DE0012301934FF42C
:109A60000073009300231A461946184600F02EF89A
:109A70000120FEF759FE0B4B9B7A022BEDD0012BF8
:109A800018BF032BF4D1012301934FF4007300930B
:109A900000231A4619460448B0F9000000F016F8F1
:109AA000E6E700BF84890024D00C002408B5054BEC
:109AB000B3F90010044801F03BF80120FEF734FE32
:109AC000F5E700BF848900248818010830B58DB0FF
:109AD0009DF844C0BDF840400394002404940594CC
:109AE000082506950794089409940A940B9440FA63
:109AF00005F48DF804408DF8050041FA05F08DF865
:109B000006008DF8071042FA05F18DF808108DF85F
:109B1000092043FA05F28DF80A208DF80B30BCF1CC
:109B2000010F07D0BCF1020F0AD0BCF1030F0DD01A
:109B30000DB030BD01AA03A90748FAF78BFAF7E781
:109B400001AA03A90548FAF785FAF1E701AA03A9D2
:109B50000348FAF77FFAEBE778080024D8070024D7
:109B60003807002408B5144AB2F90010134B1980C5
:109B7000B2F902105980B2F904109980B2F90610B6
:109B8000D980B2F908101981917A9972D17AD97273
:109B9000B2F90C105982B2F90E109982B2F9101074
:109BA000D982917C1976D17C5976928A5A83012088
:109BB000FEF7BAFDD7E700BF448A00248489002459
:109BC00080B52D4D2D4C2E4A29462046FFF75EFECE
:109BD0009FED2C3A2C4FB0EE434AF0EE433AD5EDD0
:109BE000022A95ED012AD5ED001A94ED021AD4ED62
:109BF000010A94ED000A384600F0C0F9234DA5F1A2
:109C000008062B462A1F3146384600F0B3FB55EDB7
:109C1000024ADFED1F7A64EEA75A1E4BC3ED005ACD
:109C200055ED016A26EEA77A83ED017A96ED025A88
:109C300065EE277AC3ED027A94ED016AB1EE466AC9
:109C4000154B83ED006AA2685A6022689A60F1EEB3
:109C5000666AC3ED036AC3ED044A83ED055AB1EEAB
:109C6000477A83ED067AC3ED075AC3ED087A0120DF
:109C7000FEF75AFDA5E700BFF40C0024000D0024F8
:109C8000F00C00240000000000000024EC0C002474
:109C9000E02E6542D80C0024A089002408B50022DB
:109CA0001146FF2000F064FF4FF47A70FEF73CFD90
:109CB0000022FF21104600F05BFF4FF47A70FEF7A0
:109CC00033FDFF220021084600F052FF4FF47A7066
:109CD000FEF72AFDE3E70000F6EE007A60EE277A51
:109CE00010EE103A074AA2EB630307EE103A67EE54
:109CF000277A67EE277AB7EE080A30EE670A27EE72
:109D0000000A7047DF59375F10B52DED068B04460A
:109D1000B0EE409AF0EE609AB0EE418AF0EE618AC1
:109D2000B0EE42AAF0EE62AAF5EE401AF1EE10FA99
:109D300014BF01230023B5EE402AF1EE10FA18BF3C
:109D400043F001032BB9F5EE402AF1EE10FA00F0D2
:109D5000938068EEA87A2AEE0A7A77EE877A2AEE5E
:109D6000AA0A37EE800AFFF7B7FF68EE808A2AEE6C
:109D700000AA6AEE80AA94ED017AD4ED036A27EE78
:109D8000266AD4ED007AD4ED025A27EEA55A36EEB3
:109D9000456A27EE277A66EEA55A37EE257A67EEF2
:109DA000A77AF6EE005A77EEE57A66EEA66A77EEC7
:109DB000A67A6AEE276A6AEE875A76EEE56A6AEE56
:109DC00086AA68EEA77A7AEEE7AA68EE878A2AEE74
:109DD00006AA78EECA8A624BD3ED007AF5EEC07A15
:109DE000F1EE10FA40F3B380D3ED007A67EEA67A75
:109DF0009FED5C7A67EE877A5B4991ED006A76EEBB
:109E0000277AC1ED007AD3ED007A67EEAA7A67EE81
:109E1000877A564A92ED006A76EE277AC2ED007A8A
:109E2000D3ED007A67EEA87A67EE877A504B93ED10
:109E3000007A77EE277AC3ED007AD1ED007A39EE19
:109E4000279AD2ED007A79EEA79AD3ED007A38EE10
:109E5000278A484BD3ED007A67EEA67A39EE279A27
:109E6000D3ED007A67EEAA7A79EEA79AD3ED007A5D
:109E700067EEA87A38EE278ADFED3F7A29EE270AC7
:109E800069EEA70A28EE271AD4ED006A94ED017A4C
:109E9000D4ED027A27EE409A20EEA76A39EE469A70
:109EA000D4ED039A29EE816A39EE469A39EE269A64
:109EB00084ED009A60EE268A21EE276A78EE868A83
:109EC00029EEA06A78EEC68A78EE878AC4ED018A08
:109ED00020EEA68A21EE076A38EE468A29EE806ACD
:109EE00038EE068A38EE278A84ED028A21EE261A99
:109EF00060EE870A31EE201A20EE270A31EE401A72
:109F000079EE819AC4ED039A69EE097A28EEA87A6F
:109F100077EE877A28EE087A77EE877A29EEA90A13
:109F200037EE800AFFF7D8FE29EE009A84ED009AFA
:109F300068EE808AC4ED018A28EE008A84ED028AE8
:109F400069EE809AC4ED039ABDEC068B10BD002328
:109F5000054A1360054A1360054A136079E700BF9C
:109F6000D08900246F12833ACC890024C889002448
:109F7000C48900242C0000246F12033A10B52DED83
:109F8000108B86B00446B0EE409AF0EE609AB0EEC8
:109F9000418AF0EE61BAF0EE428AB0EE62CAB0EEEB
:109FA00043AAB0EE63BAF0EE44AAB5EE403AF1EE41
:109FB00010FA0CBF01230023F5EE403AF1EE10FA3F
:109FC00003F0010318BF00232BB1B5EE404AF1EEB8
:109FD00010FA00F0B681F5EE40BAF1EE10FA14BFB7
:109FE00001230023F5EE408AF1EE10FA18BF43F08A
:109FF00001032BB9B5EE40CAF1EE10FA00F035813D
:10A000006BEEAB7A28EEA87A77EE877A2CEE0C0A04
:10A0100037EE800AFFF760FE6BEE805ACDED025AF4
:10A0200028EE805A8DED035A6CEE004ACDED044ABD
:10A030006AEE0A7A2BEE0B7A77EE877A2AEEAA0A74
:10A0400037EE800AFFF748FE2AEE00AA2BEE00BA90
:10A050006AEE80AAD4ED007A27EEA77A8DED057A14
:10A06000D4ED01BA27EEABFAD4ED028A67EEA8FA76
:10A0700094ED03DA67EE8D7A6BEEABCA6BEEA86AED
:10A080006BEE8DBA68EEA8EA68EE8D8A2DEE0DDAD9
:10A09000B6EE00EA3EEE6ECA3CEE4DCA2CEE0A7AEF
:10A0A00076EEE7DA2DEE8B6A37EE067A3FEEAB6A94
:10A0B0008DED016A26EE2A6A37EE067A37EE077AC8
:10A0C00077EEA67A67EE8A7A7EEE6CCA7CEECD6A6F
:10A0D00066EE8B6A77EEA67A78EECF6A66EEAA6AAB
:10A0E00077EEA67A77EEA77A27EE077A67EEA77A59
:10A0F00077EE277A17EE900AF6F766FA41EC100B26
:10A1000006F00EFF51EC100BF6F7B6FA07EE100A48
:10A110007BEEEFBA6BEE8A7A7FEE288A68EE8B6A66
:10A1200077EEA67A7CEEEECA6CEEAA6A77EEA67A95
:10A1300077EEA77ADDED056A76EECE6A76EE8D6A69
:10A140002CEE07CA2BEEA76A3CEE06CA6DEE87DA44
:10A1500028EEA76A7DEE86DA9DED016A26EE077A83
:10A160006CEEA7CA77EE2C7A9DED035A25EE266A8F
:10A17000DDED044A28EEA47A36EE476A2BEE277A04
:10A180006AEEAD5A37EE657A36EE076A2BEEA47AA0
:10A19000DDED025A65EEA66A77EE666A6AEE8CAA73
:10A1A0006AEE277A7AEEE7AA76EEAA7A68EEA58AB0
:10A1B0006BEE85BA78EEEB8A2AEE2DAA2BEE0CBA5E
:10A1C0003AEE4BAA78EE8A8A634B93ED007AB5EEAD
:10A1D000C07AF1EE10FA40F3B78093ED007A27EEE3
:10A1E000067ADFED5E6A27EE267A5D49D1ED005AE8
:10A1F00035EE877A81ED007A93ED007A27EE277AA3
:10A2000027EE267A574AD2ED005A35EE877A82ED4C
:10A21000007A93ED007A27EE287A27EE267A524BC1
:10A22000D3ED006A36EE877A83ED007A91ED007AFD
:10A2300039EE079A92ED007A79EE879A93ED007ADB
:10A2400038EE078A494B93ED007A27EE067A39EE0D
:10A25000079A93ED007A67EE277A79EEA79AD3ED05
:10A26000007A67EEA87A38EE278ADFED417A29EE88
:10A27000279A69EEA79A28EE278A94ED006AD4ED12
:10A28000016A94ED027A66EEC9AA69EE877A7AEEDF
:10A29000E7AAD4ED037A67EE885A7AEEE5AA7AEE59
:10A2A00086AAC4ED00AA29EE06AA68EE075A3AEE7D
:10A2B00025AA67EEA95A3AEE65AA3AEE26AA84EDD7
:10A2C00001AA69EE868A68EE265A78EEE58A67EE7C
:10A2D000895A78EEA58A78EE878AC4ED028A28EE3C
:10A2E000068A69EEA69A38EE298A29EE079A38EE90
:10A2F000498A37EE888A84ED038A6AEEAA7A2AEEC2
:10A300000A7A77EE877A28EEA87A77EE877A28EEAF
:10A31000080A37EE800AFFF7DFFC6AEE80AAC4ED78
:10A3200000AA2AEE00AA84ED01AA68EE808AC4ED94
:10A33000028A28EE008A84ED038A06B0BDEC108BF9
:10A3400010BDFFF7E1FCF8E70023054A1360054A5A
:10A350001360054A136075E7D08900246F12833AB1
:10A36000CC890024C8890024C48900242C0000243E
:10A370006F12033AF8B52DED028B04460F461646D0
:10A380001D46D0ED000A90ED030A20EE800AD0EDC4
:10A39000017A90ED027A27EE877A30EE070A60EEB6
:10A3A000A00A67EEA77A70EEA70A70EEA00AB7EED1
:10A3B000008A70EEC80A30EE000A06F011FE87ED42
:10A3C000000AD4ED017A94ED037A67EE877A94ED72
:10A3D000007AD4ED026A27EE267A77EEC77AB8EED5
:10A3E000000A27EE800A06F0CFFD86ED000AD4EDC4
:10A3F000000A94ED010A20EE800A94ED027AD4ED71
:10A40000037A27EE277A30EE070A60EEA00A67EE9D
:10A41000A77A70EEA70A70EEA00A70EEC80A30EEB6
:10A42000000A06F0DDFD85ED000ABDEC028BF8BDEB
:10A430000A4BDB7A022B04D0012B06D0032B08D069
:10A440007047074B074A1A607047054B064A1A6067
:10A450007047034B054A1A60F2E700BF8489002465
:10A46000D40C002400401C4500A4104600D8C04570
:10A4700008B50F4BD3ED007AF5EEC07AF1EE10FA85
:10A4800003DD0C4BB3F9023003B108BD6420FEF7C5
:10A490004BF9084BB3F90230002BF6D1044B064AB6
:10A4A0001A606420FEF740F9FFF7C2FFEDE700BF36
:10A4B000D40C00243C89002400409CC508B5FFF75B
:10A4C000B7FFFFF7D5FF0120FEF72EF9F7E70000F1
:10A4D00008B5DFED050A9FED050A054A002105488C
:10A4E00000F0F8F908BD00BF00409C450080BB4566
:10A4F00030000024D489002410B5F0EE400A094B46
:10A50000B3F9023000EE103A074CB8EEC00A20460C
:10A5100000F0FEF9D4ED087AFDEEE77A17EE903AF6
:10A5200018B210BD3C890024D489002408B5044B1E
:10A5300093ED000AFFF7E0FF024B188008BD00BF53
:10A54000D40C0024D00C002408B5FFF7EFFF012045
:10A55000FEF7EAF8F9E7000000B59BB0002312937C
:10A56000139302221492012215921693179312A9A3
:10A570004248F9F7F5FC00285BD100230093022242
:10A5800011463E48F9F731FD002855D1002201213E
:10A590003A48F9F78DFE002851D13848F9F740FDC7
:10A5A00000284FD100230A930B9302220C92012220
:10A5B0000D920E930F930AA93148F9F7D1FC0028A8
:10A5C00043D100230093022211462D48F9F70DFDD7
:10A5D00000283DD1002201212948F9F769FE002811
:10A5E00039D12748F9F71CFD002837D10023029301
:10A5F000039302220492012205920693079302A973
:10A600002048F9F7ADFC60BB0023009302221146FD
:10A610001C48F9F7EAFC38BB002201211948F9F778
:10A6200047FE20BB1748F9F7FBFC18BB1BB05DF8D1
:10A6300004FBF7F715F8A0E7F7F712F8A6E7F7F726
:10A640000FF8AAE7F7F70CF8ACE7F7F709F8B8E75F
:10A65000F7F706F8BEE7F7F703F8C2E7F7F700F8F1
:10A66000C4E7F6F7FDFFCFE7F6F7FAFFD4E7F6F712
:10A67000F7FFD7E7F6F7F4FFD8E700BF7808002424
:10A68000D80700243807002400283FD0F8B50C462E
:10A6900006460B781B09037148788A78C9782379B4
:10A6A0001F0947EA01171D0205F4706563791D4310
:10A6B0001021F2EE090ABAEE090A42EA002000F07F
:10A6C000F5F886ED020A0C21F2EE040ABAEE040A4D
:10A6D000384600F0EBF886ED030A0C21F3EE0C0A85
:10A6E000BBEE0C0A284600F0E1F886ED040AA379D7
:10A6F00007EE903AF8EE677AC6ED057AE37907EE51
:10A70000903AF8EE677AC6ED067AF8BD7047000019
:10A7100011F0010F00D1704710B58CB004466B46A4
:10A7200002AA4021F9F7D2FC48B923684D4A934266
:10A7300007D04D4A934238D04C4A934265D00CB072
:10A7400010BD029B112B2BD0F9D3A3F20122062AB4
:10A75000F5D8DBB2013BDBB2454903EB830201EBE9
:10A76000420031F9124004819DF800C09DF801407B
:10A7700044EA0C2421F812409DF80220120212B281
:10A780009DF80340224342809DF80420120212B239
:10A790009DF80540224382809DF806208271CEE715
:10A7A00069463448FFF770FFC9E7029BA3F2012214
:10A7B000062AC4D8DBB2013BDBB22F4903EB83028C
:10A7C00001EB420031F9124004819DF800C09DF870
:10A7D000014044EA0C2421F812409DF802201202A4
:10A7E00012B29DF80340224342809DF804201202D9
:10A7F00012B29DF80540224382809DF8060003EBCB
:10A80000830201EB4203987199E7029BA3F20122B4
:10A81000062A94D8DBB2013BDBB2184903EB830272
:10A8200001EB420031F9124004819DF800C09DF80F
:10A83000014044EA0C2421F812409DF80220120243
:10A8400012B29DF80340224342809DF80420120278
:10A8500012B29DF80540224382809DF80620827145
:10A860006DE700BF00A0004000A4004000D40040FD
:10A870003C8900241C8A0024F4880024AC8800242D
:10A8800010B5084C28220021204600F083FC032349
:10A890002370012363701122A270E370024B636284
:10A8A00010BD00BF1C8A0024CDCCCC3E07EE900A20
:10A8B00070EEC00AF8EEE77A27EEA07A01238B400B
:10A8C000013B07EE903AF8EEE77AC7EE276A36EEDC
:10A8D000800A70479446002A18BF002817D00170DC
:10A8E00012684260DCF804208260DCF80820C26054
:10A8F00080ED040AC0ED050A002282634263026310
:10A900000262C2628262426242640264C26370474F
:10A910000346002800F0A380D0ED107AC0ED117A34
:10A9200090ED0F7A80ED107AC0ED060A80ED070AEF
:10A9300070EEC00AC0ED0F0A0278002A4CD1D0EDAB
:10A94000017A60EEA77AC0ED097AD0ED0A6A90ED3F
:10A95000026A20EE866A76EE866AC0ED0A6A426B6B
:10A960008263026B426370EEC70AC0ED0C0A90ED81
:10A97000037A60EE870AC0ED0B0A90ED057AF4EEDB
:10A98000C76AF1EE10FA13DD80ED0A7A93ED0A7AC8
:10A9900077EE877A70EEA70AC3ED080AD3ED047A42
:10A9A000F4EEE70AF1EE10FA0CDDC3ED087A15E0DB
:10A9B000B1EE477AF4EEC76AF1EE10FAE6D580ED13
:10A9C0000A7AE3E7F1EE677AF4EEE70AF1EE10FABD
:10A9D00004D5C3ED087A01E0012A02D093ED080AFC
:10A9E0007047D0ED016A30EEC76A66EE866AC0ED48
:10A9F000096A90ED026A20EE866A80ED0A6A426B6F
:10AA00008263026B426337EE077A70EEC70A77EE15
:10AA1000A07AC0ED0C7A90ED037A67EE877AC0EDEC
:10AA20000B7A90ED087A76EE866A77EEA67A77EE64
:10AA3000277AC0ED087A90ED047AF4EEC77AF1EE49
:10AA400010FA02DD80ED087AC8E7B1EE477AF4EE3D
:10AA5000C77AF1EE10FAC1D580ED087ABEE79FED16
:10AA6000010A70470000000000295FD010B50B46B6
:10AA700091F800E04A784EEA022ECEF30A0EA0F8D2
:10AA800000E04A7891F802C04FEA4C1C4CEAD20C24
:10AA9000CCF30A0CA0F802C08978DA78920042EA76
:10AAA0009112197942EA8122C2F30A0282801C794A
:10AAB0005979C90141EA5401C1F30A01C180AEF5D7
:10AAC000806EA0F800E0ACF5806CA0F802C0A2F5A2
:10AAD00080628280A1F58061C1805A79C2F301123F
:10AAE00082725A799209C2729A79D97942EA01221C
:10AAF00082811A7A597A42EA0122C2819A7AD97AF3
:10AB000042EA012202821A7B82745A7BC2749A7BC7
:10AB1000D97B42EA012282821A7C5B7C42EA0323CF
:10AB2000A3F5806303810123C38210BD7047000039
:10AB30000FB410B502AA52F8041B094B1A60094C55
:10AB4000204600F00BFB82B2074B1A800A232146F5
:10AB50000648FDF799FBBDE8104004B0704700BF00
:10AB6000848B0024848A0024808A002468100024B6
:10AB700010B588B000238DF807300EE04FF0600C60
:10AB800014E04FF0600C1EE04FF0600CC3F11704AE
:10AB900020346C4404F818CC0133072B21DC41FA33
:10ABA00003F414F0010FE9D04FF0780CC3F107045F
:10ABB00020346C4404F818CC40FA03F414F0010F6C
:10ABC000DFD04FF0780CC3F10F0420346C4404F84C
:10ABD00018CC42FA03F414F0010FD5D04FF0780CE2
:10ABE000D4E74FF6FF7300220DF107010F48FBF782
:10ABF000B5FD0E4B93F88130DBB2012BF9D14FF646
:10AC0000FF73182202A90948FBF7A8FD002408E0F9
:10AC10004FF6FF7301220DF107010448FBF79EFD7B
:10AC20000134632CF4DD08B010BD00BFFC0D00241E
:10AC30002DE9F047089D0E4604460F46002B4AD1E9
:10AC400094468C45B2FA82F260D942B1C2F1200337
:10AC5000974020FA03F30CFA02FC1F4394404FEA9A
:10AC60001C4E1FFA8CF6B7FBFEF1230C0EFB11777E
:10AC700043EA074301FB06F098420AD91CEB0303A1
:10AC800001F1FF3780F01581984240F212810239BC
:10AC900063441B1AA4B2B3FBFEF00EFB103344EA6C
:10ACA000034400FB06F6A6420AD91CEB040400F19B
:10ACB000FF3380F00081A64240F2FD8064440238F8
:10ACC00040EA0140A41B00211DB1D4400023C5E986
:10ACD0000043BDE8F0878B4205D90DB1C5E90001FD
:10ACE00000210846F5E7B3FA83F1002946D1B342C3
:10ACF00002D3824200F2F580841A66EB030201203F
:10AD00001746002DE5D0C5E90047E2E7002A40F0EC
:10AD10009380A1EB0C034FEA1C471FFA8CFE012124
:10AD2000B3FBF7F607FB1630230C43EA00430EFB98
:10AD300006F0984208D91CEB030306F1FF3802D253
:10AD4000984200F2D08046461B1AA4B2B3FBF7F03B
:10AD500007FB103344EA03440EFB00FEA64508D966
:10AD60001CEB040400F1FF3302D2A64500F2B680CA
:10AD70001846A4EB0E0440EA0640A5E7C1F12007FF
:10AD80008B4022FA07FC4CEA030C06FA01FE20FA7B
:10AD900007F426FA07F344EA0E0400FA01F84FEA32
:10ADA0001C404FEA1449B3FBF0FE1FFA8CF600FB7F
:10ADB0001E3349EA03430EFB06F9994502FA01F2F4
:10ADC0000BD91CEB03030EF1FF3A80F08580994507
:10ADD00040F28280AEF1020E6344A3EB0909A4B2F3
:10ADE000B9FBF0F300FB139944EA094403FB06F6B0
:10ADF000A64208D91CEB040403F1FF3068D2A64236
:10AE000066D9023B644443EA0E40A41BA0FB02E661
:10AE1000B4427346B14652D34FD05DB1B8EB030292
:10AE200064EB090404FA07F722FA01F31F43CC404C
:10AE3000C5E9007400214CE7C2F1200120FA01F3BA
:10AE40000CFA02FC26FA01F1964033434FEA1C4704
:10AE50001FFA8CFEB1FBF7F007FB1016190C41EA44
:10AE6000064100FB0EF68E4204FA02F408D91CEBF0
:10AE7000010100F1FF382DD28E422BD902386144F6
:10AE8000891B9BB2B1FBF7F607FB161143EA01439E
:10AE900006FB0EF1994208D91CEB030306F1FF38BB
:10AEA00014D2994212D9023E63445B1A46EA004129
:10AEB00036E73946EDE6184602E7F045ADD2BEEB7F
:10AEC000020366EB0C060138B146A6E74646ECE7FE
:10AED000034698E74046D3E7D6467EE76444023807
:10AEE00047E708460DE7023E63442DE7024A03495F
:10AEF000034800F0C9B800BF3C0000249DD70008FB
:10AF0000500000240C4B4168994210B5044601D012
:10AF100002F044FCA168094B994202D0204602F09D
:10AF20003DFCE168064B994204D02046BDE8104044
:10AF300002F034BC10BD00BF888B0024F08B0024CD
:10AF4000588C00242DE9F843314A324C3249DFF85D
:10AF5000DC90DFF8DC80314F1160002504232946A6
:10AF6000082204F15C00C4E903352D4EA560C4E954
:10AF70000055C4E90555656600F00CF904F1580068
:10AF8000C4E90749C4E90987E66200F00DFA2946D9
:10AF9000244B6367082204F1C400C4E91A55C4E9CC
:10AFA0001E552567C4F8CC50C4F8805000F0F2F864
:10AFB00004F1680304F1C000C4F88430C4E92298A5
:10AFC000C4E9247600F0F0F9174BC4F8DC302946C8
:10AFD00004F596700822C4E93455C4E93855C4F81C
:10AFE000D850C4F83451C4F8E85000F0D3F804F154
:10AFF000D003C4E93D87C4F8F09004F59470C4F818
:10B00000FC60C4F8EC30BDE8F84300F0CDB900BFF7
:10B01000C08C0024888B0024EDAE000831B10008FC
:10B0200055B100080900010012000200CDB000086F
:10B03000F1B0000810B504460A4800F0B9F9636B96
:10B0400023B9094B094A1B68626323B1BDE810406C
:10B05000044800F0AFB9FFF775FFBDE810400148A4
:10B0600000F0A8B9D08C0024C08C002405AF0008E3
:10B07000014800F09DB900BFD08C0024014800F0C9
:10B0800099B900BFD08C00242DE9F84307468846C3
:10B0900016464FF00009D6E90154013D10D4A389AA
:10B0A000012B08D9B4F90E3001332146384602D0BD
:10B0B000C04749EA0009013D6B1C04F16804EED168
:10B0C0003668002EE7D14846BDE8F88310B50C4637
:10B0D000B1F90E1000F00EF9002803DB236D0344D4
:10B0E000236510BDA38923F48053A38110BD00BF45
:10B0F0002DE9F0410C46B1F90C101F46CB05054671
:10B1000016460BD421F48051A1813B46B4F90E10B0
:10B1100032462846BDE8F04100F002B9B4F90E10FD
:10B120000223002200F0D0F8B4F90C10EAE700BFC7
:10B1300010B50C46B1F90E1000F0C6F8B4F90C3099
:10B14000421C0EBF23F4805343F480532065A38137
:10B1500010BD00BFB1F90E1000F06EB870B59AB016
:10B1600013460A4E0A466FF00041029105910849C4
:10B1700003910446002530681995694600940494AB
:10B1800000F042FD009B1D701AB070BD4800002405
:10B190000802FFFF830730B547D0541E002A3ED077
:10B1A000CAB2034601E0013C39D303F8012B9D07E5
:10B1B000F9D1032C2CD9CDB205EB05250F2C05EBCD
:10B1C000054535D9A4F1100222F00F0C03F1100E41
:10B1D000E6444FEA121C1A46C2E90055C2E902557C
:10B1E00010327245F8D10CF1010214F00C0F03EB90
:10B1F000021204F00F0C13D0ACF1040323F003038C
:10B200000433134442F8045B9342FBD10CF0030473
:10B210002CB1C9B21C4403F8011BA342FBD130BDC1
:10B2200064461346002CF4D1F9E703461446C0E700
:10B230001A46A446E0E700BF38B5074D0022044691
:10B2400008462A60F6F7F0FC431C00D038BD2B6896
:10B25000002BFBD0236038BDC48C0024194B1B6825
:10B2600083422ED0416C70B5054681B100268C59C1
:10B270003CB121462468284600F00AF9002CF8D198
:10B28000696C0436802EF2D1284600F001F9A96BD2
:10B2900011B1284600F0FCF82C6C34B1214624682A
:10B2A000284600F0F5F8002CF8D1E96C11B12846D9
:10B2B00000F0EEF86B6B1BB12846BDE870401847F4
:10B2C00070BD70474800002438B50C46084D8446D0
:10B2D000114620461A4600232B606446F6F7AEFC62
:10B2E000431C00D038BD2B68002BFBD0236038BD39
:10B2F000C48C002438B50C46084D844611462046BF
:10B300001A4600232B606446F6F770FC431C00D0FD
:10B3100038BD2B68002BFBD0236038BDC48C0024C3
:10B3200038B50C46084D8446114620461A4600237F
:10B330002B606446F6F76AFC431C00D038BD2B68CE
:10B34000002BFBD0236038BDC48C0024014B18684F
:10B35000704700BF4800002470B50F4B0F4DAB4243
:10B36000A3EB050607D0B610002455F8043B0134C2
:10B370009847A642F9D806F0B7F9094D094B5E1B6C
:10B38000AB424FEAA60606D0002455F8043B013430
:10B390009847A642F9D870BD481D0108481D01080C
:10B3A000481D0108501D0108704700BF704700BFCD
:10B3B000704700BF704700BF024B13B1024800F056
:10B3C00005B870470000000089DA00080023014634
:10B3D0001A46184602F0ACBB2DE9F8430646082091
:10B3E000894602F065FBDFF8A4800546304600F090
:10B3F000FDFBD8F808305F6827F00307A7F11104B8
:10B40000A4EB09042C44B4FBF5F4013C05FB04F463
:10B41000A54208DC0021304602F024FBD8F80830B1
:10B420003B44984205D0304600F0E6FB0020BDE8E2
:10B43000F8836142304602F015FB01300FD0114A0B
:10B44000D8F808303F1B47F001075F6013683046AB
:10B450001B1B136000F0D0FB0120BDE8F883002126
:10B46000304602F0FFFAD8F80820831A0F2BDADDF5
:10B4700043F001035360044B02491B68C01A086083
:10B48000D1E700BFD88C002494010024A00100243F
:10B4900000297CD02DE9F0410C46804600F0A6FB47
:10B4A00054F8043C754FA4F1080523F00101681815
:10B4B000BE684268864222F0030200F08380DE0705
:10B4C000426000EB020C33D454F8084CDCF8043032
:10B4D0002D1B2144AC6807F1080C644503F00103FF
:10B4E00064D0D5F80CE0C4F80CE0CEF80840002B8E
:10B4F00000F0818041F001036B600160B1F5007FD5
:10B5000022D27868CB080122490901338A400243DC
:10B5100057F833107A6007EBC302083AC5E9021204
:10B5200047F83350CD604046BDE8F04100F064BBC1
:10B53000DCF80430DB072BD541F00103B1F5007FC7
:10B5400044F8043C0160DCD3B1F5206F4FEA51238D
:10B5500053D28B0903F1390003F13802C300F81804
:10B56000FB580838984203D161E09B68984204D0A8
:10B570005A6822F003028A42F7D8D868C5E9023037
:10B580008560DD604046BDE8F04100F035BB7047A6
:10B59000114407F1080C836863453FD0C268DA6044
:10B5A000936041F001036B606950A7E7002B5FD106
:10B5B0000A44D0E90213CB60996042F001036B604A
:10B5C000AA50B0E7DB070A4407D454F8083CED1A48
:10B5D0001A44D5E90213CB60996042F001036B6015
:10B5E000274BBD601B6893429DD8264B4046196887
:10B5F000FFF7F2FE97E71144CDE7142B08D9542B3F
:10B600001DD80B0B03F16F0003F16E02C300A6E718
:10B6100003F15C0003F15B02C300A0E741F001030A
:10B62000C7E90455C5E902CC6B6069507BE77968CE
:10B630009210012404FA02F20A437A609EE7B3F5FD
:10B64000AA7F06D8CB0B03F1780003F17702C30081
:10B6500085E740F25452934206D88B0C03F17D00EB
:10B6600003F17C02C3007AE74FF47E737E2276E713
:10B6700041F001036B60016055E700BFA0010024A9
:10B6800098010024088D00242DE9F04F01F10B05ED
:10B69000162D83B0064623D8102900F2AF8000F0A3
:10B6A000A5FA102518230220B74F3B44A3F1080246
:10B6B0005C68944200F01E816368E268A16823F030
:10B6C0000303CA602344304691605A6842F0010285
:10B6D0005A6000F091FA0834204603B0BDE8F08FBC
:10B6E00035F0070500F18A80A94200F2878000F05A
:10B6F0007DFAB5F5FC7FC0F06E816B0A00F08280A8
:10B70000042B00F21D81AB0903F1390003F1380E5F
:10B71000C3009D4F3B44A3F1080C5C68A44507D1CE
:10B720000DE0002AE16880F2DF808C4507D00C46EE
:10B73000636823F003035A1B0F2AF2DD7046DFF81B
:10B7400060823C69444500F0BC80636823F0030CD0
:10B75000ACEB05030F2B00F34281002BC7E90488F3
:10B7600080F22D81BCF5007FD7F804E080F0C8801E
:10B770004FEADC0101314FEA5C1C012303FA0CF3B0
:10B7800057F83120A2604EEA030E07EBC103083BD5
:10B79000E360C7F804E047F83140D46083104FF00D
:10B7A000010C0CFA03FCF44532D81CEA0E0F08D148
:10B7B00020F003004FEA4C0C1CEA0E0F00F10400CD
:10B7C000F8D007EBC00AD6468146DEF80C300BE015
:10B7D000596821F003014A1B0F2A1C46DB6800F35D
:10B7E000BB80002A80F2DE809E45F1D109F101097B
:10B7F00019F0030F0EF1080EE7D119E10C233360A5
:10B80000002469E74FF4007340204FF03F0E80E7BB
:10B81000BC68636823F00309A94503D3A9EB0503BA
:10B820000F2B51DC594B1B68082003F1100804EB67
:10B830000903009302F03CF9554A13680133A84408
:10B84000834605D008F1FF388044434203EA0808E4
:10B850004146304602F006F9B0F1FF3F4C4A8246BD
:10B8600000F0D880009B834200F2D280494B1868D8
:10B8700040440BF1FF311860844640F0FC801AEA26
:10B88000010F40F0F880D7F808A0C84448F0010242
:10B89000CAF80420404B1968814238BF18603F4BFA
:10B8A0001968814238BF1860544622F00308A84541
:10B8B000A8EB050301D30F2B06DC304600F09CF902
:10B8C0009EE7D7F804E069E7621943F0010345F009
:10B8D000010565603046BA60536000F08DF90834A8
:10B8E000204603B0BDE8F08FA2682344D160304603
:10B8F0008A60EAE6DC68A3427FF4DEAE02301EE72F
:10B90000BCF5206F4FEA5C227BD3142A00F212812F
:10B9100002F15C03DB005B32F918FB5808399942ED
:10B9200003D1ECE09B68994204D05A6822F00302EC
:10B930006245F7D8D968C4E902318C60DC602DE734
:10B94000142B6AD9542B00F2FE802B0B03F16F00ED
:10B9500003F16E0EC300DCE6D4F808C03046661969
:10B9600045F001056560CCF80C30C3F808C042F022
:10B970000103C7E90466C6E902887360625000F0FB
:10B980003BF90834A8E600BFA0010024088D00247C
:10B9900094010024D88C0024048D0024008D002400
:10B9A000A8010024214430464A6842F001024A605E
:10B9B00054F8082FD3609A6000F01EF98CE6A44476
:10B9C0003046DCF8043043F00103CCF8043000F0DA
:10B9D00013F9083480E6E80805F1080364E6621903
:10B9E00043F0010145F0010565603046C7E90422D6
:10B9F000C2E90288516044F80C3000F0FDF80834C8
:10BA00006AE64FEA9C1202F13903DB00383283E721
:10BA1000BC4228D0BC68626847E703F15C0003F1D0
:10BA20005B0EC30075E65AF80839534540F0D980DB
:10BA300010F0030F00F1FF30F5D17B6823EA0C030F
:10BA40007B604FEA4C0C9C453FF6E2AEBCF1000F28
:10BA500004D1DDE64FEA4C0C09F104091CEA030F9E
:10BA6000F8D04846ADE6604B186808EB000C0BF1C7
:10BA7000FF31C3F800C0106801306ED0009AAAEB05
:10BA8000020262441A601AF00702CDE9002340D096
:10BA9000C2F108029244D04408EA01005A44121A42
:10BAA00002EA010B5946304601F0DCFF421C019BC3
:10BAB0006FD0A0EB0A0000EB0B081868C7F808A0CD
:10BAC00048F001025844BC42CAF8042018603FF410
:10BAD000E1AEB9F10F0F43D96168A9F10C0222F070
:10BAE000070201F00101114361604FF0050CA1183C
:10BAF0000F2AC1E901CC54D8DAF80420CAE6921022
:10BB00004FF0010C0CFA02F24EEA020EC7F804E004
:10BB100011E70AEB08020A40ABEB020202EA010B52
:10BB20005946304601F09EFF431C019BC1D1DDF810
:10BB300000B0C2E7542A17D84FEA1C3202F16F0353
:10BB4000DB006E32E8E6B3F5AA7F17D8EB0B03F102
:10BB5000780003F1770EC300DBE5C2F800A092E79E
:10BB60000123CAF80430A8E6B2F5AA7F24D84FEA28
:10BB7000DC3202F17803DB007732CDE640F254523A
:10BB8000934224D8AB0C03F17D0003F17C0EC3007B
:10BB9000BFE5009A083A9044A8EB0A084FF0000B62
:10BBA0008BE7304604F108010093FFF771FC009B1E
:10BBB000D7F808A018689FE740F254539A420CD86F
:10BBC0004FEA9C4202F17D03DB007C32A4E64FF495
:10BBD0007E737F204FF07E0E9BE54FF47E737E22B6
:10BBE0009AE67B682DE700BFD88C00240148FFF758
:10BBF000DFBB00BFC88C00240148FFF7DBBB00BFE0
:10BC0000C88C0024000000002DE9F04FD9B00C468C
:10BC1000099115460B93834601F020FF03681693A4
:10BC20001846F4F78DFE00211490082228A8FFF78B
:10BC3000B1FAA389190603D52369002B00F05E87AA
:10BC40009FED7F7B0023CDE92D33CDE917338DEDBB
:10BC5000107B2FAA0E932C92144615931C931993C4
:10BC600006932E46B246784BD3F8E45001F0F0FE2E
:10BC700028AA0346009224A952465846A8470028FD
:10BC800000F0B180C0F2A780249A252A034601D093
:10BC90009A44E8E7BAEB0607054640F0A88000237F
:10BCA00019464FF0FF328DF8873007930AF1010AE9
:10BCB0009AF80030059204910AF1010AA3F12002DA
:10BCC0005A2A00F2C380DFE812F0F402C100C1007A
:10BCD000ED02C100C100C1006A00C100C1003F0205
:10BCE0005102C1004A020603C100FF025B005B0073
:10BCF0005B005B005B005B005B005B005B00C10006
:10BD0000C100C100C100C100C100C1003B01C100B0
:10BD1000BE01D3023B013B013B01C100C100C10098
:10BD2000C100CC02C100C1008802C100C100C10035
:10BD3000E801C1005702C100C100B206C100C10044
:10BD4000C100C100C100C100C100C1003B01C10070
:10BD5000BE011A023B013B013B01A0021A027F0017
:10BD6000C100C202C100B302D80622037F00C10095
:10BD7000E8017C00AE06C100C100DB06C1007C000A
:10BD8000A3F1300200211AF8013B01EB810102EB23
:10BD90004101A3F13002092AF5D907918EE75846EF
:10BDA00001F05CFE436819931846F4F7C9FD1C9036
:10BDB0000546584601F052FE83681793002D40F067
:10BDC000B7859AF8003077E7049B43F0200304938B
:10BDD0009AF8003070E70822002128A8FFF7DAF966
:10BDE00001239A443FE7BAEB0607054610D02E9B85
:10BDF0003B442E932D9B0133072BC4E900672D9301
:10BE000015DC0834069B3B440693002D7FF447AFB6
:10BE10002E9B002B41F09381099B9B8903F04003EB
:10BE2000002B41F09283069859B0BDE8F08F099934
:10BE30002CAA584601F086FC0028EDD12FACE1E792
:10BE40000000000000000000A80500240C93002B57
:10BE5000DED000228DF8FC3001238DF8872002937C
:10BE60000A920893059212920F920D923FAE049B94
:10BE700013F0020302D002990231029104992E9D1F
:10BE800011F0840805D1079902980F1A002F00F3CA
:10BE9000A1806AB1012262602D9A013201350DF153
:10BEA0008701072A2E952D92216000F3DB83083449
:10BEB0006BB12D9B22AA013302352260072B4FF074
:10BEC00002022E952D93626000F3C1830834B8F10D
:10BED000800F00F0C482059B089A9F1A002F00F380
:10BEE000FE82049BDA0500F12482089B63601D44F6
:10BEF0002D9B26600133072B2E952D9300F33F8356
:10BF00000834049B5A0705D5079B029A9E1A002EF7
:10BF100000F3B583DDE9063202998A42ACBF9B1873
:10BF20005B180693002D40F00B8300232D930A9B92
:10BF30001BB10A995846FFF7ABFA2FAC564691E66B
:10BF40000C930B9B073323F00703B3EC027B58ECF5
:10BF5000177B0B9328F000431B938DED1A7ADDE9D4
:10BF60001A01AF4B4FF0FF328DED107BF4F7EEFF6F
:10BF7000002840F00285DDE91A01A94B4FF0FF329D
:10BF8000F4F7C6FF002840F0F8840022002338466A
:10BF90004146F4F7B3FF002841F021809DF8872047
:10BFA000049BA04E23F0800304939F4B0C994729D8
:10BFB000D8BF1E46002303210A93029108910593DE
:10BFC00012930F930D93002A3FF451AF029B01335C
:10BFD00002934CE795492D9A1391102F25DD2146A8
:10BFE0002846099C914D1D934FF0100904E0103F25
:10BFF000102F01F1080115DD01321030072AC1E9C7
:10C000000059CDE92D20F2DD2CAA2146584601F039
:10C0100099FB002840F09C82103F102FDDE92D2075
:10C020002FA9E9DC1D9B0C460546013213992160BE
:10C030003D44072ACDE92D25676000F3D4869DF89D
:10C040008720083425E70B9A0C93432B02F1040553
:10C0500003D0049BDA0640F11785082200212AA8A4
:10C06000FFF798F80B9B3FAE1A6831462AAB58464B
:10C0700003F060F903460133089001F06182089BE8
:10C0800023EAE373029300220B958DF887200A922E
:10C09000059212920F920D92E9E60B9F0C9357F8BE
:10C0A000046B00238DF88730002E00F016850C9B62
:10C0B000532B00F0BF86049B13F010030D9340F048
:10C0C000B986059B002BC1F245800D991A46304672
:10C0D000F4F7D6FB0A90002801F066820A9B991BB0
:10C0E0000D9B0891059321EAE17112930F930A9336
:10C0F00073239DF887200B9702910C9363E70C93B1
:10C10000049B9B0640F1BD800B9B073323F0070384
:10C110001A46596852F8083B0B920A460029C0F2A9
:10C12000CA8305990029C0F28382049921F0800511
:10C1300053EA020140F07D82059A002A40F07E8297
:10C140000495089258AE60E10B9B53F8042B0792BC
:10C15000002A80F2DA83079A0B9352420792049BDB
:10C1600043F0040304939AF80030A5E52B238DF8DF
:10C1700087309AF800309FE50C93049B43F010053C
:10C1800015F0200200F072830B9B073323F00703A6
:10C1900019465A6851F8083B0B9101210020059E71
:10C1A0008DF88700002EC0F2198125F080000490E0
:10C1B00053EA020040F01181002E40F0248600294D
:10C1C00040F0808315F00103089300F0A38330232F
:10C1D0008DF85F310DF25F1617E10C93049B43F06D
:10C1E00010030493049B13F0200200F055830B9B73
:10C1F000073323F0070319465A6851F8083B0B919F
:10C20000049921F480650021C8E79AF80030682B72
:10C2100000F04E84049A42F0400204924CE500BFC4
:10C22000FFFFEF7F9418010890180108C01A010859
:10C23000049B9D0640F190830B9B069A1B681A6035
:10C24000D2175A600B9B04330B9356460AE59AF8B3
:10C2500000306C2B00F02284049A42F01002049209
:10C260002AE5049B43F0080304939AF8003023E581
:10C270000C93049B43F010030493049B9B063FF52F
:10C2800043AF04990B9ACF0652F8043B00F14B835D
:10C2900004994E0640F143860B9243F3C032114697
:10C2A0001BB23BE7049B43F0010304939AF8003070
:10C2B00002E59DF887209AF80030002A7FF4FCAC54
:10C2C00020228DF88720F7E4049B43F08003049339
:10C2D0009AF80030F0E4504610F8013B2A2B01F0A8
:10C2E000E581A3F13002092A98BF002101F2E48020
:10C2F00010F8013B01EB810102EB4101A3F1300297
:10C30000092AF5D941EAE17205928246D6E40B9AF0
:10C31000049B43F0020552F8043B0B9247F63002AF
:10C32000ADF8882078209B4A1592022100220C90BB
:10C3300034E70C9B652B40F33381DDE910010022CB
:10C340000023F4F7D1FD002800F0D2812D9B924A02
:10C350002260013301350122072B2E952D93626057
:10C3600000F35C850834239B0E9A934280F2C882C6
:10C37000149B169A1D44C4E900232D9B2E9501336E
:10C38000072B2D9300F39E8308340E9B5E1E002E18
:10C390007FF7B7AD102E2D9BDFF8009240F3E580BC
:10C3A000DDF82480102704E00834103E102E40F3FE
:10C3B000DC8001331035072BC4E90097CDE92D351A
:10C3C000F2DD2CAA4146584601F0BCF9002840F0A5
:10C3D000BF80DDE92D352FACE7E7049D012900F092
:10C3E0002881022958AE1FD1159803F00F011B09AF
:10C3F000415C06F8011D43EA0273120953EA020187
:10C40000F3D158AB9B1B04950893059908989DF8A8
:10C41000872081424FF00003B8BF01460A93029182
:10C4200012930F930D93CEE503F00701DB0843EA67
:10C430004273D208303153EA0207304606F8011D34
:10C44000F2D1EF07DDD53029DBD03023023806F8F2
:10C45000013C58AB1B1A049508930646D5E7079B89
:10C46000029A9F1A002F7FF736AD102F2D9BDFF811
:10C470002C9122DD2A464FF010084D46DDF824901D
:10C4800004E0103F102F04F1080414DD01331032D2
:10C49000072BC4E90058CDE92D32F2DD2CAA49461C
:10C4A000584601F04FF9002852D1103F102FDDE916
:10C4B0002D322FACEADCA946154601333D44072B4B
:10C4C000CDE92D35C4F80090676000F3DB84059B4F
:10C4D000089A9F1A002F04F108047FF702AD102F6D
:10C4E0002D9BDFF8B8901FDD2A464FF01008099DFC
:10C4F00004E0103F102F04F1080414DD0133274934
:10C500001032072BC4E90018CDE92D32F1DD2CAA39
:10C510002946584601F016F9D0B9103F102FDDE931
:10C520002D322FACEADC154601333D44072BCDE913
:10C530002D35C4F80090676000F38C810834D0E496
:10C5400009992CAA584601F0FDF800283FF4EDACFB
:10C550000A9B002B3FF460AC0A995846FEF798FFFF
:10C56000099B9B8903F040035AE401333544072BB0
:10C57000C4F800906660CDE92D357FF7C1AC09990C
:10C580002CAA584601F0DEF80028E1D12E9D2FACF0
:10C59000B7E400BFA0180108D0180108B01A0108BC
:10C5A0000E9B2D9F012B05F1010507F1010704F1F9
:10C5B000080840F30B810123072FCDE92D75266074
:10C5C000636000F38381149B169A01371D44072F83
:10C5D000C8E90023CDE92D7500F3858108F108082D
:10C5E0000E9BDDE910015C1E00220023F4F77CFCA9
:10C5F000002840F00481013701362544072FCDE99A
:10C600002D75C8F80060C8F8044000F3EB8008F10D
:10C610000808189BC8F8043001371D44072F26ABC3
:10C62000CDE92D75C8F80030A9DC08F1080468E4EC
:10C63000049D0A2B72F1000180F05E8330338DF887
:10C640005F310123049508930DF25F16DDE6099929
:10C650002CAA584601F076F800287FF479AF2E9D79
:10C660002FAC34E4099913932CAA584601F06AF8C8
:10C6700000287FF46DAF2E9D139B2FAC18E4B44AB5
:10C680002D9B1392102E1FDDDDF82480102791467C
:10C6900004E0103E102E04F1080415DD01331035BE
:10C6A000072BC4E90097CDE92D35F2DD2CAA4146D0
:10C6B000584601F047F800287FF44AAF103E102E8C
:10C6C000DDE92D352FACE9DC0133139A3544072B16
:10C6D000C4E90026CDE92D357FF71CAC09992CAAB9
:10C6E000584601F02FF800287FF432AF2E9D11E458
:10C6F0002399002940F35183DDE90D329342A8BF0D
:10C700001346002B98460ADD1D44C4E900632D9BA7
:10C710002E950133072B2D9300F3618608340D9F6E
:10C72000B8F1000FA8BFA7EB0807002F00F3F581B1
:10C730000D9B33440593049B5F0500F11582239BF9
:10C740000E9A9342C0F2A082049AD00700F19C8214
:10C750000E9AB718D61A059BFF1AB742A8BF3746DC
:10C76000002F0ADD23602D9B676001333D44072BBA
:10C770002E952D9300F365860834002FA8BFF61B75
:10C78000002E7FF7BEAB102E2D9BDFF8C8917FF7F0
:10C79000ECAEDDF82480102704E00834103E102EA3
:10C7A0007FF7E3AE01331035072BC4E90097CDE9DD
:10C7B0002D35F2DD2CAA4146584600F0C3FF002873
:10C7C0007FF4C6AEDDE92D352FACE7E7049BD90732
:10C7D0003FF5F1AE0123072FCDE92D75266063608B
:10C7E0007FF717AF09992CAA584600F0ABFF002835
:10C7F0007FF4AEAEDDE92D750DF1BC0809E70E9BA7
:10C80000012B7FF706AF112BDFF8489140F35C83D3
:10C81000CDF814A01026CA46DDF8249005E008F1F2
:10C820000808103C102C40F34C8301371035072FBB
:10C83000C8E900A6CDE92D75F1DD2CAA4946584678
:10C8400000F080FF00287FF483AEDDE92D750DF147
:10C85000BC08E6E709992CAA584600F073FF0028A7
:10C860007FF476AE2E9D2FACFFF73BBB0B9915F0F6
:10C87000100051F8043B0CD115F0400604D00B9188
:10C880009BB20246012189E415F400721CBFDBB2A1
:10C8900032460B91012181E404980B9910F01000AD
:10C8A00051F8043B3DD1049A12F0400534D09BB2BC
:10C8B00002460B91A4E45B42049D62EB42022D20F0
:10C8C00001216CE4059B089358AE9EE509992CAABA
:10C8D000584600F037FF00287FF43AAEDDE92D75A9
:10C8E0000DF1BC086FE609992CAA584600F02AFF02
:10C8F00000287FF42DAEDDE92D750DF1BC086FE643
:10C90000049BDB077FF5FDAA32E50B939AF8003014
:10C91000FFF7D2B958AE78E5049A12F4007240F0ED
:10C9200009840B916CE40B92DA171146FFF7F6BB02
:10C93000179A9AF80030002A3FF4BEA91278002A0C
:10C940003FF4BAA9049A42F480620492FFF7B4B9A2
:10C95000C01A0108B01A0108049BD80600F1AB8286
:10C96000049B590600F1E083049B9A0540F1A382E1
:10C970000B9B069A1B681A7064E4DDE910010246FD
:10C980000B46F4F7E3FA002840F01E860C9B612B5F
:10C9900000F03185412B00F04E85059B013300F0FE
:10C9A00002840C9B23F02003472B00F0E1850A90C2
:10C9B000DDE91001049A002942F48079C0F2F9847B
:10C9C0009DED107B8DED1E7B002313930C9B413B53
:10C9D000252B00F22583DFE813F02904230323032A
:10C9E0002303EA03B50423032303230323032303BD
:10C9F0002303230323032303230323032303230307
:10CA000023032303230323032303230323032303F6
:10CA100023032303230323032303290423032303DF
:10CA20002303EA03B504049D0C93FFF7A9BB0C9301
:10CA3000AD4B1593049B13F0200200F033810B9B48
:10CA4000073323F0070319465A6851F8083B0B9146
:10CA50000498C1070BD553EA020108D00C998DF850
:10CA6000891040F00201049130218DF8881004995A
:10CA700021F480650221FFF791BB0C93FFF7B2BB55
:10CA80000C939A4B1593D5E70B9B1B688DF8FC30E4
:10CA90000123029308933FAEFFF7F5BA049B43F0DE
:10CAA000200304930AF1010A9AF80030FFF704B951
:10CAB000049B43F4007304930AF1010A9AF80030CE
:10CAC000FFF7FAB809992CAA584600F03BFE002857
:10CAD0007FF43EAD2E9D2FAC57E4059B0A96062BA6
:10CAE000314628BF0623059632460293804E0B97A7
:10CAF000089312910F910D91FFF765BA40215846A6
:10CB0000FEF7C2FD099B18601861002800F003863B
:10CB1000099A40235361FFF793B8102F2D9BDFF83C
:10CB2000D49140F30B8249462A46B146099D4FF005
:10CB300010080E4604E00834103F102F40F3FA812D
:10CB400001331032072BC4E90068CDE92D32F2DD44
:10CB50002CAA2946584600F0F5FD00287FF4F8ACD1
:10CB6000DDE92D322FACE7E70E9BCDF830A006EBC8
:10CB700003090F9BDDF85CA0DDF848800D96002BC3
:10CB800022462946059C099DCDF81490DDF8709049
:10CB900031DDB8F1000F40F33B8108F1FF382D98EB
:10CBA000199B013049440728C2E900392E912D9084
:10CBB00000F387800832059B9AF800001F1B87420C
:10CBC000A8BF0746002F0CDD2D98013039440728F7
:10CBD000C2E900472E912D9000F360819AF8000081
:10CBE0000832002FACBFC61B0646002E16DC0444DC
:10CBF0000F9B002BCDDCB8F1000FCEDCDDE90D631F
:10CC00002046F31898421446024628BF1A46CDF82B
:10CC10005CA00D46DDF830A0059290E5102E2D9811
:10CC2000344B23DD0894102734461E4604E0103CA4
:10CC3000102C02F1080216DD01302E4B10310728AE
:10CC4000C2E90037CDE92D01F1DD2CAA294658466D
:10CC500000F078FD00287FF47BAC103C102CDDE95F
:10CC60002D012FAAE8DC33462646089C13600130CC
:10CC700031440728CDE92D01566000F3A2839AF8CC
:10CC8000000008320444B3E7149A16991544C4E925
:10CC900000122D9A2E950132072A2D9200F3BE83A1
:10CCA000083455E504980B9910F0100051F8043B36
:10CCB00017D1049A12F040050ED09BB202460B9198
:10CCC000C6E62CAA2946584600F03CFD00287FF411
:10CCD0003FAC2E992FAA6EE7049A12F4007240F02E
:10CCE0001F820B91B4E600BFB4180108A018010818
:10CCF000C8180108B01A010800210894DFF81C9335
:10CD0000179CCDF810A005F4806758AE4FF00508C9
:10CD100002958C4605E00A2B72F1000234D353468B
:10CD20002A46991841F10001A9FB010525F00300ED
:10CD300000EB9500091A581A4FF0CC3562F1000E3D
:10CD400005FB00F5A0FB09A009FB0E550AF0010E3A
:10CD50000544AEFB080E40184FEA5A0A303006F878
:10CD6000010C4AEAC57A0CF1010C013E6D08002F56
:10CD7000D1D021788C45CED1BCF1FF0FCBD00A2B7E
:10CD800072F1000280F0E7801794DDF810A0029D98
:10CD9000089CCDF838C0FFF734BB2D9B9E4A22601B
:10CDA000013301350122072B2E952D93626000F38C
:10CDB0001B810834002940F09380049B0E9A03F0F5
:10CDC000010313433FF49DA8149B169A1D44C4E924
:10CDD00000232D9B2E950133072B2D9300F3D68135
:10CDE00004F108028DE0099913932CAA584600F02B
:10CDF000A9FC00287FF4ACAB9DF887202E9D139BE7
:10CE00002FACFFF746B80129049D7FF4EAAA15E488
:10CE10000F9B013B0AF1FF3A0F93C0E609992CAA38
:10CE2000584600F08FFC00287FF492AB2E9D2FAC6B
:10CE3000FFF799BA0DF1A80808220021404625966F
:10CE4000FEF7A8F9059B002BC0F2928000250297FF
:10CE500099462F460EE03FA9584602F06BFA431C54
:10CE6000384400F08F83484509DC05F1040500F0E3
:10CE7000BD830746259A52594346002AEBD10897AD
:10CE8000029F83E009992CAA584600F05BFC002819
:10CE90007FF45EAB2E9D2FACFFF71DB82CAA294660
:10CEA000584600F04FFC00287FF452AB9AF800007F
:10CEB0002E992FAA95E60B9B069A1B681A60FFF71E
:10CEC000C1B9D146DDF814A0C8F800900137254457
:10CED000072FCDE92D75C8F804407FF798AB81E4A2
:10CEE000149B169A1D44C4E900232D9B2E950133F3
:10CEF000072B2D9300F34A8104F108020029C0F2A8
:10CF0000E0820E99166001330D44072BCDE92D35D3
:10CF100051603FF734AB02F10804FEF7F2BF049909
:10CF20000B928D054ABF43F3C012DA175BB211466C
:10CF3000FFF7F4B8154632464E46914601333D445C
:10CF4000072BCDE92D35C4F80090676000F31281FE
:10CF50000834FFF7EDBB1C9B1999F61A1A463046A8
:10CF600000F042FD637803B101344FF0000CD6E6C7
:10CF700000231946CDF8008025AA584602F000FA91
:10CF800003460133089000F0FD822596089B002B94
:10CF900036D0632B00F3E48000230A933FAE0822CF
:10CFA00000214046FEF7F6F8089DCDF800802B469C
:10CFB00025AA3146584602F0E3F9854240F0A583A0
:10CFC00008990B970023735421EAE1719DF887209B
:10CFD0000593029112930F930D93FEF7F4BF2D2248
:10CFE0008DF88720FEF7DCBF09992CAA584600F07F
:10CFF000A9FB00287FF4ACAA23992E9D2FACD9E67B
:10D00000089B9DF887200B970293059312930F932B
:10D010000D930A93FEF7D7BFD0180108CDCCCCCC26
:10D020002AAB019325AB0093022123AB9DED1E0B90
:10D03000059A584600F054FE049BD907064600F1B5
:10D04000FC812A9B1B1A0E93239B0D930D9BDA1CCC
:10D0500003DB059A9A4280F28B810C9B023B0C9376
:10D060000D9B013B9DF8302023930021002BB8BF7E
:10D070000D9B8DF89820BABFC3F101032D222B22FE
:10D08000092B8DF8992040F365820DF1AF05B34F60
:10D090002A461046A7FB0312D20802EB8201A3EB3B
:10D0A0004101303100F8011C19466329134600F193
:10D0B000FF32EEDC303302F8013C831EAB4280F0DD
:10D0C00021830DF1990213F8011B02F8011FAB42F5
:10D0D000F9D158AB181AA0F1AD0318930E9B189A0A
:10D0E000012B1A44089240F35882089B149A134467
:10D0F0000893049B089A23F4806343F48073049399
:10D1000022EAE2720023129302920F930D93139B73
:10D11000002B40F01B819DF887200593FEF753BF3D
:10D12000DBB22A460B9193E40B9B069A1B681A808C
:10D13000FFF788B8DBB22A460B91FFF761B8099C6C
:10D140002CAA2146584600F0FDFAA38903F04003BB
:10D15000FEF766BE3046F3F7F3FB0146FEF7C0BFAD
:10D16000591C5846FEF790FA0646002800F0DB826C
:10D170000A9014E709992CAA584600F0E3FA00280F
:10D180007FF4E6A92E9D2FACFFF7D2BA09992CAAFD
:10D19000584600F0D7FA00287FF4DAA9DDE92D35EA
:10D1A00023992FAAAAE606230A90059300E4059B7B
:10D1B000022103F101082AAB019325AB00939DEDF9
:10D1C0001E0B23AB4246584600F08AFD0C9B23F011
:10D1D0002007462F064600EB080518BF452705D156
:10D1E0003378302B00F03C81239B1D44DDE91E0188
:10D1F00000220023F3F778FE002840F059812A9B93
:10D20000AB4206D230215A1C2A9219702A9B9D42A9
:10D21000F9D8239A0D929B1B472F0E933FF416AF1C
:10D22000462F00F02B810D9B013B1BE723A89DEDB2
:10D230001E0B00F04BFC00224FF07F5351EC100B03
:10D24000F3F7EAFB02460B46CDE902230022002356
:10D25000F3F74AFE08B101232393059B404A0C983B
:10D26000CDF820A0591E3F4B0D96612808BF1A46E5
:10D270003746A0460592DDE902458A46164609E092
:10D28000002200230AF1FF39F3F72EFE002840F0B8
:10D29000BB81CA46344B002220462946F3F7BCFB2B
:10D2A0000D460446F3F768FE8146F3F77BF9024624
:10D2B0000B4620462946F3F727F816F80930BAF14D
:10D2C000FF3F3A46044607F8013B0D46D8D1CDE969
:10D2D0000245264BDDF820A00D9E444690460022D4
:10D2E0004D46F3F729FE002800F0FF81059BCDF89D
:10D2F000A880D97B17F8012C91423B4609D13020F8
:10D3000003F8010C2A9B5A1E2A9213F8012C914211
:10D31000F6D0392A0BBF059A0132927AD2B203F8BD
:10D32000012C3B469B1B0C9A0E93239B0D93612A69
:10D3300003F1FF33239300F0B381412150220C917C
:10D34000012193E6DDF81480032134E72D22002328
:10D350008DF887200593FEF739BE00BFCDCCCCCC2D
:10D36000B4180108A0180108000030400000E03F98
:10D37000DDE90D23934200F3C480049B13F0010FF9
:10D380000D9B00F00F81149A13440893049B5F05D2
:10D3900003D50D9B002B00F34781089B23EAE37321
:10D3A000029367230C930023CDF8109012930F93F0
:10D3B000ADE601F100431F932D231E901393FFF759
:10D3C00005BB2CAA2946584600F0BCF900287FF47A
:10D3D000BFA89AF800002E992FAA044408E40999DE
:10D3E0002CAA584600F0AEF900287FF4B1A82E9D73
:10D3F0002FACFFF794B978238DF88930049B43F064
:10D400000203049330238DF88830059B632B00F3CF
:10D410008E8000230A933FAEFFF7CABA09992CAA5F
:10D42000584600F08FF900287FF492A8239B2E9D88
:10D430002FACFFF78DB95823DEE7059B4727C518AA
:10D44000D4E609992CAA584600F07CF900287FF40C
:10D450007FA8239E0E9B2E9D9E1B2FACFFF78DB9A0
:10D46000DDE91E0100220023F3F73EFD002800F055
:10D470001981239B0D931D44AB1B0E93049B0D99A7
:10D48000059A03F00103002943EA020340F31A81DD
:10D49000002B40F0F2800D9B089366230C93049BB5
:10D4A0005B0500F1C380089B23EAE37302937AE7EC
:10D4B000239A0D922B46AEE6002282460592FEF795
:10D4C000FDBB4F421031DFF87892B8BF102404DB67
:10D4D00021E00832103F102F1DDD01331035072BDE
:10D4E000C2E90094CDE92D35F3DD09992CAA5846FF
:10D4F00000F028F900287FF42BA8DDE92D352FAAAC
:10D50000E8E70E9B149A9A180D9B0892002B71DD88
:10D5100067230C93C3E701333D44072BCDE92D3539
:10D52000C2F80090576000F3AF800832E9E4591C5C
:10D530005846FEF7A9F8064610B10A90FFF738BA28
:10D54000099A938943F0400393814FF0FF33069388
:10D55000FEF769BC002934D130228DF89A200DF1F4
:10D560009B02303302F8013B26ABD31A1893B5E582
:10D57000059B002B7FF41BAA059B0A9301230593AF
:10D58000FFF716BA099BB3F90C3000220A9243F058
:10D590004003099A9381FEF7DBBF049BDB077FF50D
:10D5A000A8ADA2E50893F1E6059B029308937323C7
:10D5B0009DF887200B97059012900F900C93FEF723
:10D5C00002BD0DF19A02CCE7119B5A4E002B049B31
:10D5D000A8BF9DF8872023F08003B8BF2D220493B5
:10D5E000B8BF8DF88720544BFEF7E0BC059B029F27
:10D5F0000893CBE4C3F101031A4422EAE2730293D5
:10D60000672308920C93CEE651460029DDF820A04E
:10D610000D9E4446FFF685AE4B1C3B44302207F876
:10D62000012B9F42FBD17DE667230C9317990B7862
:10D63000FF2B74D000250D9A284603E001300131FC
:10D64000FF2B08D0934206DAD21A4B78002BF5D183
:10D650000B780135F4E717910D920F901295129AFD
:10D660000F9B1C99CDF810901344089A01FB0323DB
:10D67000089323EAE373029349E5149B1A44531871
:10D68000089366230C930AE709992CAA584600F0E0
:10D6900059F800287EF45CAFDDE92D352FAA30E47F
:10D6A00070224DE6C8F1010323939EE50B9A9AF888
:10D6B000013052F8041B0B9241EAE1718246059158
:10D6C000FEF7FABA2BB90123662202930C92089353
:10D6D00069E6149B03F10108059B4344089323EA80
:10D6E000E373029366230C935DE6DDE90201134BBD
:10D6F0000022F3F7F9FB00283FF413AEE8077FF5AB
:10D7000010AEF3E502231893E8E4099BB3F90C305B
:10D7100043F040033DE70C23CBF8003015E700232E
:10D7200012930F939BE7099B0A90B3F90C3043F0D7
:10D7300040032EE79C180108981801080000E03FFC
:10D74000B01A01082DE9F843154692682C68FAB121
:10D7500080468946083401E00834CFB16B68591E11
:10D76000002B1746696013DD54F8046C002EF3D0CB
:10D77000334654F8082C4946404601F00DFE431C40
:10D7800007D0AA68921B1746AA600834002FE5D17B
:10D7900000200023C5E90133BDE8F88370B50029F6
:10D7A0003FD006460C4610B1436B002B3CD0636E55
:10D7B000B4F90C20DD0732D4900538D52146304627
:10D7C00000F04CF8E36A054633B1E169304698470A
:10D7D0000028B8BF4FF0FF35A3891A0639D4216B52
:10D7E00041B104F14003994202D03046FDF750FEAA
:10D7F00000232363616C21B13046FDF749FE00230D
:10D800006364FDF735FC636E0022DB07A2811CD543
:10D81000A06DFDF7CBFDFDF731FC284670BD002A59
:10D82000CCD10025284670BDFDF704FCBFE7A06DF4
:10D83000FDF7BEFDB4F90C30002BBFD1636ED907E4
:10D84000EFD4A06DFDF7B6FDEBE7A06DFDF7B2FDDF
:10D85000DEE721693046FDF71BFEC0E7B1F90C2079
:10D860002DE9F04116070C4680464ED4496842F433
:10D8700000630029A38163DDA56A002D42D0002149
:10D8800012F48052D8F80060C8F80010E16964D141
:10D8900001234046A847451C02466ED0B4F90C301F
:10D8A000A56AE169580705D56368D21A236B0BB1E5
:10D8B000E36BD21A00234046A847431C4FD1D8F847
:10D8C0000010B4F90C301D2940D8314ACA40D7079E
:10D8D0003CD52269226023F40062A281DD044FF06E
:10D8E0000002626001D5002945D0216BC8F80060B4
:10D8F00041B104F14003994202D04046FDF7C8FD12
:10D90000002323630020BDE8F0810E69002EF9D0CA
:10D910000D680E6092070CBF4B690023AD1B8B6036
:10D920000BE02B463246E169676A4046B847B0F1E2
:10D93000000CA5EB0C05664406DD002DF1DCE1E7EB
:10D94000E16B002998DCDDE7B4F90C3043F04003CB
:10D95000A3814FF0FF30BDE8F081226DA2E7B4F95A
:10D960000C302269226023F40062A281DB044FF0B4
:10D9700000026260B9D52065B7E7D8F80030002B07
:10D980008CD01D2B01D0162BDED1C8F80060B9E772
:10D990000100402038B50C46054608B1436B03B37F
:10D9A000B4F90C0088B1636EDB0701D481050FD593
:10D9B00028462146FFF752FF636EDA07054602D478
:10D9C000A3899B0508D5284638BD0546284638BD9D
:10D9D000A06DFDF7EDFCEBE7A06DFDF7EBFC284635
:10D9E00038BDFDF727FBDBE740EA01039B0710B5D5
:10D9F00001D1032A17D8844601F1FF3E07E01EF843
:10DA0000011F03F8011B541E29B19C4622466346A0
:10DA1000002AF4D110BD9444002CFBD003F8011B64
:10DA20006345FBD110BD8E468446DEF80040A4F16C
:10DA3000013323EA040313F0803F71460EF1040E14
:10DA4000DAD1043A032A4CF8044BEED87146D3E7F6
:10DA5000014B93F828017047A8050024004870473F
:10DA60009806002438B5074D0022044608462A606F
:10DA7000F4F7E6F8431C00D038BD2B68002BFBD030
:10DA8000236038BDC48C002438B5074D074C2C1BCF
:10DA9000A41005D0013C55F8043D9847002CF9D15D
:10DAA000BDE8384003F026BE541D0108501D010892
:10DAB000082802D14FF48050704708B5FDF746FCA6
:10DAC000162303604FF0FF3008BD00BF70B555EC62
:10DAD000104B0646134825F0004300218342316075
:10DAE0001DD8204618431AD00F4828402A4658B956
:10DAF0000E4B002220462946F2F78EFF0A4621F0FF
:10DB0000004304466FF035011B156FF31E52A3F25C
:10DB1000FE3342F07F550B4445F40015336045EC6D
:10DB2000104B70BDFFFFEF7F0000F07F00005043FF
:10DB30002DE9F8431B4D0646286898460F46914646
:10DB4000FDF736FC184B1C681CB3286865681F2D50
:10DB500022DC4EB96B1C0235636044F82570FDF77A
:10DB600029FC0020BDE8F88304EB85010123C1F8FE
:10DB70008890D4F88821AB401A43022EC4F888213B
:10DB8000C1F80881E6D1D4F88C211A43C4F88C215D
:10DB9000E0E7064C1C60D8E7FDF70CFC4FF0FF30C7
:10DBA000E0E700BF90010024D48C00240C8D0024F9
:10DBB0002DE9F04F03690C69A34283B0C0F28A805B
:10DBC000013C01F1140500F1140855F8243058F80F
:10DBD000242001339A428E4681464FEA840105EBA8
:10DBE000840708EB840AB2FBF3F63AD3CDE90015BB
:10DBF0000022AC46404613465CF8041B05681FFA39
:10DC000081FB06FB0B22090C4FEA124B06FB01BB02
:10DC100092B2A9B2891A19441FFA8BF3C3EB2143BC
:10DC200003EB154389B241EA0341674540F8041B01
:10DC30004FEA1B424FEA2343DED2DDE9001558F8D4
:10DC4000013073B9AAF1040AD04504D307E0D045E6
:10DC500004F1FF3403D25AF80439002BF7D0C9F885
:10DC600010407146484601F019FA00282EDB414663
:10DC7000002255F8040BD1F800C01FFA80FE1FFAED
:10DC80008CF3A3EB0E031344020CC2EB234202EB12
:10DC90001C429BB243EA0243AF4241F8043B4FEAC5
:10DCA0002242E6D258F8242008EB84036AB9043BE8
:10DCB000434504D807E0984504F1FF3403D253F8F4
:10DCC0000429002AF7D0C9F810400136304603B0C5
:10DCD000BDE8F08F002003B0BDE8F08F0000000029
:10DCE0002DE9F04F9DB0CDE90A320291816B269D5E
:10DCF00004908DED060B57EC106B49B1C26B4A6076
:10DD00000123934004468B6000F066FF0023A36369
:10DD1000B7F10009B4BF012300232B60764BBCBFD1
:10DD200029F00049CDF81C9033EA090300F0AA80DD
:10DD30009DED067B002251EC170B00238DED007B3F
:10DD4000F3F7D2F8804668B10A9A01231360279B43
:10DD500013B1279A694B1360694B059305981DB061
:10DD6000BDE8F08F9DED000B04981AAA1BA901F0E5
:10DD700073FA5FEA1955824640F09A80DDE91A8508
:10DD8000454405F23243202B40F38A83C3F140031C
:10DD900009FA03F905F2124326FA03F349EA0300EC
:10DDA000F2F7F0FB0123013DA1F1F8711293554BFD
:10DDB0000022F2F7A9FA4AA3D3E90023F2F72CFED6
:10DDC00049A3D3E90023F2F7A1FA064628460F46F5
:10DDD000F2F7E8FB46A3D3E90023F2F71DFE024663
:10DDE0000B4630463946F2F791FA06460F46F3F7EE
:10DDF000C3F8002204460990002330463946F3F761
:10DE00007DF8002840F02283099CA8EB050808F162
:10DE1000FF33162C089300F28A813B4B03EBC403BB
:10DE2000D3E90023DDE90001F3F768F8002871D099
:10DE3000631E099300231193089B002BC0F27D8180
:10DE400000230C93099B002B6ADA099B0C9A0D9313
:10DE5000D21A0C925A4200230993029B1092092B6A
:10DE600068D8052B40F32183043B02930025029BD5
:10DE7000023B032B00F23686DFE813F06E046B04DE
:10DE8000630447040A9AC9F3130942F20F7359EA6B
:10DE9000060913601CD1279B002B00F043861B4B07
:10DEA00005930833279A059813601DB0BDE8F08FDD
:10DEB000DDE90012C2F31303084643F07F51CDF8A9
:10DEC0004880A5F2FF35DDF8688041F440116EE727
:10DED000279B002B40F0F4830D4B05933EE700BFDA
:10DEE00061436F63A787D23FB3C8608B288AC63F60
:10DEF000FB799F501344D33F0000F07FD1180108F5
:10DF0000D01801080000F83F081B01081C1901087F
:10DF100028190108B8F1000F40F3A38411900C9068
:10DF2000DDE908321344089300231093029B0D92FD
:10DF3000092B96D90023012502930E954FF0FF3B44
:10DF40000B93049BCDF84CB00021D963049800F0EA
:10DF50001DFE0590002800F0CE85DDE90432BBF1FE
:10DF60000E0F9A6300F21881002D00F015810D99B3
:10DF7000002940F34684B34B01F00F0203EBC203C8
:10DF8000C805D3E900894FEA211540F10884AE4B5A
:10DF9000DDE90001D3E90823F2F768FECDE91401B9
:10DFA00005F00F0503277DB1A74EE90708D54046C8
:10DFB0004946D6E90023F2F72FFD0137804689460E
:10DFC0006D1006F10806F0D142464B46DDE914011A
:10DFD000F2F74CFE80468946119B43B19B4B0022D1
:10DFE00040464946F2F78AFF002840F00B85384644
:10DFF000F2F7D8FA42464B46F2F70EFD944B002258
:10E00000F2F784F9A1F15073CDE914011593BBF136
:10E01000000F00F0A8800D9BCDE918B3494640469B
:10E02000F2F7AAFF189A874B03EBC20313ED027BAA
:10E0300005468DED167BF2F7B5FA0B4602464946CA
:10E040004046F2F761F9059F0E9B30357E1CECB21D
:10E05000804689463546002B00F06C84DDE91623A6
:10E060007C490020F2F702FEDDE91423F2F74CF9B7
:10E070003C7042464B4604460D46F2F75DFF0028D1
:10E0800040F0B884CDF850A0CDF858B00027AB468A
:10E09000A246189D2AE00137AF4280F2FD846E4B04
:10E0A000504659460022F2F7B7FC6B4B00228246DD
:10E0B0008B4640464946F2F7AFFC89468046F2F768
:10E0C0005BFF0446F2F76EFA02460B4640464946AD
:10E0D000F2F71AF9303406F8014B52465B46804697
:10E0E0008946F2F70BFF002840F0D38442464B46A6
:10E0F00056490020F2F708F952465B46F2F7FEFE59
:10E100000028C8D0199BDDF850A0059A374603F1C6
:10E11000010802E0974200F09B843E4617F8013D5B
:10E12000392BF7D00133DBB23B7045467DE101234B
:10E130001193089B002BBFF683AEC8F101030C932B
:10E14000002308937EE63846F2F72CFA42464B4607
:10E15000F2F762FC3E4B0022F2F7D8F8A1F15073BF
:10E16000CDE9140115933D4B002240464946F2F794
:10E17000CBF8DDE9144522462B4606460F46F2F75A
:10E18000DBFE002840F0738430463946224605F114
:10E190000043F2F7B3FE28BB1B9B002BC0F290801C
:10E1A0000D9A0E2A00F38C80264B0D9A03EBC203C6
:10E1B00093ED007B0B9B002B8DED027B19DABBF1FD
:10E1C000000F16DC0ED1254B0022DDE90201F2F72B
:10E1D00023FC02460B46DDE90001F2F799FE002818
:10E1E00000F045840023059E00931F460B9BDD43F2
:10E1F0002DE2059B5D1CDDE90278DDE900013A4670
:10E200004346F2F733FDF2F7B7FE0646F2F7CAF9D6
:10E210003A464346F2F700FC02460B46DDE90001B0
:10E22000F2F772F8059A06F13003BBF1010F2F46A1
:10E23000137000F021830125CDF800A0A846DDE988
:10E24000029A2BE0081B0108E01A01080000F03FC9
:10E2500000001C400000E03F00002440000014408B
:10E260004A46534620462946F2F700FDF2F784FE5F
:10E270000646F2F797F94A465346F2F7CDFB08F106
:10E2800001080B46024629462046F2F73DF806F102
:10E290003003D84507F8013B00F0EC82844B0022A4
:10E2A000F2F7BAFB0022002304460D46F2F71CFEEB
:10E2B0000028D5D00D9DDDF800A001353E46B4E024
:10E2C0000E9A002A40F0D8800023109E0C9D0E93D9
:10E2D0001F4665B1089A002A09DD0C99AA42134627
:10E2E000A8BF2B46C91AED1AD31A0C910893109B9C
:10E2F00053B10E9B13B1002E40F0F7825146109A95
:10E30000049800F0F9FD82460498012100F010FD08
:10E31000099B0090002B40F0BE81029B012B40F333
:10E32000D4810120089A104410F01F0000F09B8057
:10E33000C0F12003042B40F3E3810C9BC0F11C00CF
:10E34000034402440C93054408920C9B002B05DD0A
:10E35000514604981A4600F029FE8246089B002B7D
:10E3600005DD009904981A4600F020FE0090119BEC
:10E37000002B40F07581BBF1000F40F34C810E9BE8
:10E38000002B40F0A4800D9D0135DDF81480009C29
:10E39000DDF81090012607E0514600230A22484686
:10E3A00000F024FC0136824621465046FFF700FC6F
:10E3B000B34500F1300008F8010BEDDCBBF1000FB4
:10E3C000059BCCBF5E460126814603EB060B00246D
:10E3D00051460122049800F0E9FD0099824600F0C0
:10E3E0005DFE002840F3EE81059A02E0934500F0BF
:10E3F00003825E460BF1FF3B16F8013C392BF5D04A
:10E4000001338BF80030DDF810800099404600F0B1
:10E41000E3FB57B12CB1BC4203D02146404600F08B
:10E42000DBFB0498394600F0D7FB0498514600F016
:10E43000D3FB002333700A9B1D60279B002B3FF406
:10E440008DAC05981E601DB0BDE8F08F2046F2F738
:10E45000A9F832463B46F2F747FD00287FF4D4ACDA
:10E46000631E0993D0E41C230C9A1A440C92089A58
:10E470001A441D44089268E7029A012A40F3AD81CC
:10E48000109B0BF1FF36B342C0F26981BBF1000F64
:10E49000A3EB060680F2EF820C9BA3EB0B056CE16D
:10E4A000C3F1200306FA03F07AE40125DFE400BF9C
:10E4B000000024403946002304980A2200F096FB0D
:10E4C000139B002B074640F3FF820D969B46002DC1
:10E4D00005DD394604982A4600F068FD0746099B89
:10E4E000002B40F0E681B846059E731E03EB0B043B
:10E4F000069B03F00103CDE90B43049C00995046B1
:10E50000FFF756FB39468346504600F0C7FD009999
:10E5100005464246204600F0E3FDC3680BF1300992
:10E520000146ABBB0990504600F0B8FD0999089030
:10E53000204600F051FB089A002A54D1029B1BB9D7
:10E540000C9B002B00F0AE82002D3FDB0B9BB346F3
:10E550009E420BF8019B00F0C381514600230A2222
:10E56000204600F043FB4745824639464FF0000302
:10E570004FF00A02204630D000F038FB41460746F3
:10E5800000230A22204600F031FB5E468046B5E7B4
:10E59000049800F021FB002D06DB069B03F001022E
:10E5A000029B1D432A4329D151460122049800F0C1
:10E5B000FDFC0099824600F071FD002840F3F680D2
:10E5C000B9F1390F00F049820BF131090D9D06F8C0
:10E5D000019B3C460135474615E700F007FB5E46C8
:10E5E000074680468AE7002DC0F29382029B1D43B6
:10E5F0000C9B1D4300F08D82002AA7DDB9F1390F75
:10E6000000F02B820D9D09F101033C4606F8013B09
:10E6100001354746F7E6029B022B7FF7B0AEBBF110
:10E62000000F40F02581009904985B46052200F018
:10E63000DDFA01460090504600F030FD002840F31E
:10E640001781059E0D9D312306F8013B0135009988
:10E65000049800F0C1FA0135002F7FF4E2AEE4E641
:10E660000099504600F01AFD0028BFF684AE5146CE
:10E67000002304980D9C0A2200F0B8FA0E9B661E37
:10E680008246002B7FF416AF139B002B40F31182C0
:10E690000D9D9B4679E601461A46049800F02CFC35
:10E6A000029B0090012B6EDD00230993009A1369F1
:10E6B00002EB8303186900F0E9FAC0F1200031E6AB
:10E6C000984B05930333FFF7EDBB069B002B7FF4BC
:10E6D00028AEDDE90612C2F31303002B7FF421AE4E
:10E6E000914B134033B10C9B01330C93089B0133C6
:10E6F00008930123099A0993002A3FF412AED5E743
:10E700003FF423AEC0F13C03AEE601230E930B9B16
:10E710000D9A134403F1010B5E46012E1393B8BF0B
:10E720000126172E40F3F981012204235B0003F137
:10E730001400B042114602F10102F7D9049BD963DB
:10E7400004E401230E930B9E002E36DD1396B34690
:10E75000E7E700230E93DAE700230E93F3E7109B1D
:10E76000099A1096F31A1A44089B09925B4408937D
:10E770000C9B1D465B440C9300260498012100F07D
:10E78000D7FA0746A5E5069B002B8DD1DDE90601EA
:10E79000C1F313030A46002BA2D0099086E79DED32
:10E7A000007B02278DED147BFFF7FDBB7FF40EAFDE
:10E7B00019F0010F7FF404AF08E701230B939B4688
:10E7C000FFF7BFBB03D119F0010F7FF40DAE5E461A
:10E7D0001BF8013D302BFAD015E6129A002A00F002
:10E7E0009C8003F23343089A109E1A4408920C9AB4
:10E7F00015461A440C92C0E7059A3123013513706F
:10E8000001E600F0FA800D9A484B554205F00F02E0
:10E8100003EBC203D3E90023DDE90001F2F7FCF8C2
:10E820002D11CDE9140100F05881414E002302273B
:10E8300080468946EA0709D5D6E90023404649467D
:10E84000F2F7EAF801378046894601236D1006F198
:10E850000806EFD1002B7FF4BFABDDE91489FFF789
:10E86000BBBBC8F1010308900C931190FFF758BB94
:10E87000059EBBE4DDF800A002460B46F1F746FD1D
:10E880000D9DCDE90001013502460B46DDE902018F
:10E89000A846F2F733FB40B9DDE90023DDE90201C8
:10E8A000F2F722FB18B1F30701D5059A35E43E468D
:10E8B000BBE57968049800F069F90546002800F086
:10E8C00021813B6902339A0007F10C010C30F1F70A
:10E8D0003DFF04982946012200F068FB804603E6CC
:10E8E0000D9D3C460135474672E5049C394632464B
:10E8F000204600F001FB524601460746204600F044
:10E9000045FA51468046204600F066F9109B9B1B55
:10E91000C24610933FF4F8ACF0E41A9BC3F13603FF
:10E9200061E700BF281901080000F07F081B0108FB
:10E93000E01A0108DDE91623DDE91401F2F76CF8AD
:10E94000059B1C70189B012BCDE90E0100F0C380C4
:10E95000189F059B12961F447A4B00224046494659
:10E96000F2F75AF80D460446F2F706FB8146F1F736
:10E9700019FE09F1300902460B4620462946F1F7F7
:10E98000C3FC06F8019BBE4280468946E4D1129D35
:10E990006D4B0022DDE90E01F1F7B8FC02460B4693
:10E9A00040464946F2F7C8FA00286CD1DDE90E234B
:10E9B00065490020F1F7A8FC02460B46404649464F
:10E9C000F2F79CFA80B91B9B002BFFF67DAC0D9BE8
:10E9D0000E2B3FF779AC5D4B0D9A03EBC20393ED21
:10E9E000007B8DED027B06E43E46013F16F8013CBC
:10E9F000302BF9D0199D013517E5DDE90089022793
:10EA0000FFF7EABABBF1000F3FF49DAB139C002C5B
:10EA10007FF7C2AB0D9B013B00224046494619934C
:10EA2000484BF1F7F9FF80468946781CF1F7BAFDAB
:10EA300042464B46F1F7F0FF454B0022F1F766FCEA
:10EA4000A1F15073CDE9140118941593FFF7E6BABC
:10EA500008F101083123FFF767BB0D9D059AB34606
:10EA600039233C460BF8013B01354746C1E40023FE
:10EA700000931F46E5E5089B5B4408930C9B1D46ED
:10EA80005B440C9379E6199B059A03F10108FFF7A3
:10EA900044BBDDF850A0ADE7DDF850A0DDF858B07C
:10EAA000FFF77ABBB9F1390FD7D0002D3FF78CAD06
:10EAB0008CE5029B022B03DC0D9DDDF84CB064E479
:10EAC000DDF84CB00D96AAE5029B022BF8DCDDF8D0
:10EAD0004CB00D96FBE437465AE7DDE9148902276E
:10EAE000FFF77ABA049B0025DD632946184600F03B
:10EAF0004DF80590D0B9174B1748002240F2AF11DE
:10EB000000F02AFD134B14482A4640F2EF2100F092
:10EB100023FD002A3FF748AD58E5049B0021D96347
:10EB2000FFF714BA0D4B0593FFF718B9DDE904326E
:10EB30009A634FF0FF3301220B9513930E929B467D
:10EB4000FFF72ABB000024400000E03F081B01083B
:10EB500000001C402C190108401901081C1901086B
:10EB600082B049B15AB16BB113780B601278101EA4
:10EB700018BF012002B0704701A9002AF3D1104646
:10EB800002B070476FF00100F4E700BF436C70B54E
:10EB900005460C464BB153F8240080B1026843F897
:10EBA00024200023C0E9033370BD2122042100F09A
:10EBB000F3FC034668640028EDD1002070BD0121FC
:10EBC00001FA04F6721D9200284600F0E5FC0028C8
:10EBD000F3D0C0E90146E4E731B1436C4A6853F829
:10EBE0002200086043F82210704700BF2DE9F04171
:10EBF0000D6907460E461C4601F1140E0020DEF892
:10EC000000108BB202FB03434FEA134C090C02FBCA
:10EC100001CC01309BB203EB0C4385424EF8043B20
:10EC20004FEA1C44EBDC3CB1B368AB4207DD06EBBA
:10EC3000850301355C6135613046BDE8F08171685E
:10EC400038460131FFF7A2FF8046A8B1326902328F
:10EC500006F10C0192000C30F1F778FD7B6C7268C4
:10EC600053F82210316043F82260464606EB8503D4
:10EC700001355C613561DFE7024B03484246BA214A
:10EC800000F06AFC2C1901089C190108B0F5803FBE
:10EC9000034636BF030400201020B3F1807F3CBF41
:10ECA0001B020830B3F1805F3CBF1B010430B3F19D
:10ECB000804F03D3002B06DB013070479B0003D449
:10ECC0005B0003D420207047023070470330704748
:10ECD000036813F00702014607D0DA071FD498072C
:10ECE00021D55B080B600120704798B2A0B1104697
:10ECF000DAB20AB908301B0A1A0704BF1B0904302C
:10ED00009A0704BF9B080230DA0703D45B0800F1BE
:10ED1000010006D00B6070471B0C1020E8E70020B4
:10ED20007047202070479B080B600220704700BF8F
:10ED300038B5436C04460D464BB15868B0B1026813
:10ED40005A6000220123C0E90323456138BD212216
:10ED5000042100F021FC034660640028EDD1094B3A
:10ED60000948002240F2451100F0F6FB1C22012167
:10ED7000204600F011FC0028F1D001220223C0E956
:10ED80000123DEE72C1901089C1901082DE9F04F39
:10ED9000D1F810801569A84585B00E46924605DB6E
:10EDA0002A46534645468A4690461E46DAF80830BB
:10EDB000DAF8041005EB0804A342B8BF0131FFF7ED
:10EDC000E5FE8446002800F08B8000F1140707EB75
:10EDD000840E774505D23B46002243F8042B9E451E
:10EDE000FBD8143606EB88080AF11409464509EBEE
:10EDF000850566D2A5EB0A03153B23F003030AF150
:10EE0000150A043355452CBF9B464FF0040BCDF833
:10EE100008E00394AE46E24605E0090C2AD1B0456D
:10EE200007F104074AD956F8041B8DB2002DF4D01F
:10EE3000CC463C46002301965CF8040B216886B260
:10EE40008AB2000C05FB0622090C1A4405FB0011CE
:10EE500001EB124192B242EA0142E64544F8042B2A
:10EE60004FEA1143E8D8019E47F80B3056F8041CCE
:10EE7000090CD4D03B68002248461D463C469446C7
:10EE8000028801FB02C202EB15429BB243EA024335
:10EE900044F8043B50F8043B25684FEA134CABB2EE
:10EEA00001FB0C3303EB124370454FEA134CE7D3DD
:10EEB000B04547F80B3007F10407B4D8DDE902E4A8
:10EEC000D446002C02DC05E0013C03D05EF8043D92
:10EED000002BF9D06046CCF8104005B0BDE8F08FAB
:10EEE000034B044862464FF4B17100F035FB00BF9C
:10EEF0002C1901089C19010812F003032DE9F041B7
:10EF0000144607462CD10D46A4101CD03E6C86B387
:10EF1000E3074FF0000806D4641014D03068A8B19D
:10EF20000646E307F8D5324629463846FFF72EFF56
:10EF300035B17B6C696853F821202A6043F8215071
:10EF400064100546EAD12846BDE8F08132463146D4
:10EF50003846FFF71BFF3060C0F800800646E0E748
:10EF6000013B0F4A52F823200023FFF73FFE0546DE
:10EF7000CAE701213846FFF709FE064640B10123E2
:10EF800040F27122C0E90432002338640360BFE715
:10EF9000044B0548324640F2451100F0DDFA00BF4F
:10EFA000D01A01082C1901089C1901082DE9F04715
:10EFB0000C4690462769A368496807EB62177D1CD9
:10EFC0009D4206464FEA621904DD5B009D4201F155
:10EFD0000101FADC3046FFF7D9FD8446002851D004
:10EFE000B9F1000F00F114000EDD09F105024FEA3E
:10EFF000820E03460CEB8202002143F8041B93426D
:10F00000FBD1AEF114031844216904F1140318F084
:10F010001F0803EB81012DD0C8F1200986464FF06F
:10F02000000A1A6802FA08F242EA0A024EF8042BB1
:10F0300053F8042B994222FA09FAF2D80B1B153B1C
:10F0400023F00303043304F11502914238BF042373
:10F0500040F803A0BAF1000F00D13D46736C62681E
:10F06000CCF8105053F822102160604643F822403B
:10F07000BDE8F087043853F8042B40F8042F994278
:10F08000F9D8EAE7034B044862464FF4EF7100F009
:10F0900063FA00BF2C1901089C1901080B6984460A
:10F0A0000069C01A16D10CF1140C14310CEB830258
:10F0B00010B401EB830301E0944508D252F8044DEB
:10F0C00053F8041D8C42F7D005D24FF0FF305DF8A5
:10F0D000044B7047704701205DF8044B704700BF38
:10F0E0002DE9F04F15460A692B69D21A002A83B020
:10F0F000884640F0878001F1140605F1140101EB08
:10F10000830106EB830301E09E427ED253F8044D57
:10F1100051F8042D9442F7D075D32B460024454670
:10F1200098466968FFF732FD8146002800F0898023
:10F130002E69C460D8F8100005F1140B08F1140E04
:10F1400009F1140A05F110020EEB80000BEB8601A9
:10F1500057464FF0000CCDF804B05EF8044B52F85F
:10F16000045F1FFA84FBABB2A3EB0B03240C6344D4
:10F17000C4EB154404EB23449BB243EA04437045BB
:10F1800047F8043B4FEA244CE7D8A0EB080208F10B
:10F1900015084045A2F1150234BF00200120920855
:10F1A0000028DDF804B002F101044FEA840408BF2E
:10F1B00004240BEB0405A942544433D927462846BE
:10F1C00050F8043B1CFA83FE1A0C634402EB2E42F7
:10F1D0009BB243EA0243814247F8043B4FEA224C88
:10F1E000EED80139491B21F003010C4423B954F82E
:10F1F000043D013E002BFAD04846C9F8106003B028
:10F20000BDE8F08F89DA01248BE70021FFF7BEFC0F
:10F21000814678B101220023C0E90423484603B0A7
:10F22000BDE8F08F00284FEA820208BF00220AEBF7
:10F230000204DBE7064B07484A4640F2372100F05C
:10F240008BF9034B03484A4640F2452100F084F90C
:10F250002C1901089C1901082DE9F0430E4683B0D2
:10F26000012159EC108B1546FFF790FC044600284D
:10F2700046D0C9F30A57C9F313030FB143F48013FF
:10F280000193B8F1000313D101A8FFF721FD019B01
:10F2900063610122203022610FB3A7F23347074494
:10F2A000C0F1350037602860204603B0BDE8F08328
:10F2B00068460093FFF70CFD019BF8B10099C0F17F
:10F2C000200203FA02F2C3400A430193002B626159
:10F2D0000CBF01220222A3612261002FDDD104EBC9
:10F2E0008203A0F2324030601869FFF7CFFCC0EB18
:10F2F00042102860204603B0BDE8F083009AE5E79D
:10F30000034B0448224640F20F3100F025F900BFBC
:10F310002C1901089C19010849B1FF2A02D80A706A
:10F32000012070478A2303604FF0FF307047084682
:10F33000704700BF70B5054684B05BB11C460F4BEB
:10F34000D3F8E060234669B12846B047431C0FD08C
:10F3500004B070BD094B00F58274D3F8E060234619
:10F360000029F1D10A46284601A9B047431CEFD134
:10F3700000228A2322602B6004B070BDA8050024FF
:10F3800010B582B0049CCDE900344FF0FF3300F09B
:10F3900059FB02B010BD00BF2DE9F0478F681D4634
:10F3A000AF420B680C46164636D8B1F90CC01CF4B7
:10F3B000906F0ED13D46184631462A4600F04CF873
:10F3C000A368DF1B2368A7602B4400202360BDE8EF
:10F3D000F0874A69096902EB42025F1A02EBD272B6
:10F3E0006B1C52103B44934292BF914699461A4679
:10F3F0001CF4806F804611D01146FCF745F9824617
:10F4000000B321693A46F1F7A1F9A38923F4906387
:10F4100043F08003A38105E02F46CCE700F0F2F82B
:10F42000824658B10AEB0703A9EB0707A760C4F8A7
:10F4300010A0C4F8149023602F46BCE72169404611
:10F44000FCF726F8A3890C2243F04003C8F80020FB
:10F450004FF0FF30A381BAE788420ED98B18834260
:10F460000BD900EB020C002A6ED0624613F801CDD6
:10F4700002F801CD9942F9D170470F2A0FD80346FF
:10F4800002F1FF3C002A5FD00CF1010C013B8C44DF
:10F4900011F8012B03F8012F6145F9D1704740EABB
:10F4A00001039B0751D1A2F1100370B501F1200CAB
:10F4B00023F00F0501F1100E00F11004AC441B09FC
:10F4C0005EF8105C44F8105C5EF80C5C44F80C5C70
:10F4D0005EF8085C44F8085C5EF8045C44F8045C80
:10F4E0000EF1100EE64504F11004E9D1013312F0DB
:10F4F0000C0F01EB031102F00F0400EB031328D0F3
:10F50000043C24F003064FEA940C1E441C1F8E4654
:10F510005EF8045B44F8045FB442F9D10CF10104D5
:10F5200002F0030203EB840301EB840102F1FF3CD0
:10F530004AB10CF1010C013B8C4411F8012B03F88A
:10F54000012F6145F9D170BD704702F1FF3C0346C0
:10F550009AE72246EAE700BF00B50B4C256814463F
:10F56000EE681A4685B003460D464CB10749009532
:10F57000CDE901143046064900F076FA01F0EEFBC1
:10F5800004490C46F3E700BF48000024F8190108BD
:10F59000081A0108041A010838B5A1FB021454BB6B
:10F5A000FCF772F8054650B350F8042C22F0030221
:10F5B000043A242A10D8132A13D91B2AC0E900447C
:10F5C00016D9242AC0E902440ABFC0E9044400F164
:10F5D000100200F1180205E02146FBF7DBFD28468A
:10F5E00038BD02460023C2E900339360284638BD87
:10F5F00000F10802F6E7FBF7A9FE0C2303600025E3
:10F60000284638BD2DE9F84F1646002900F09680AF
:10F610000C46804606F10B05FCF7E8FA54F8041C8A
:10F62000162DA4F1080921F0030758D81025AE4281
:10F6300058D8AF4260DABE4B9A6809EB070C6245B6
:10F64000DCF8040000F0908020F0010363445B6864
:10F65000DB0768D420F003003B189D4247DDCB0751
:10F6600012D454F8083CA9EB030BDBF8043023F068
:10F670000302104400EB070A554540F3F68007EB00
:10F68000020A554540F3CC8031464046FBF7FCFF6B
:10F690000646002800F0208154F8043C23F00103C2
:10F6A0004B44A0F10802934200F0B4803A1F242A90
:10F6B00000F2D780132A00F2A28003462246116886
:10F6C00019605168596092689A6021464046FBF77C
:10F6D000DFFE4046FCF790FA3046BDE8F88F35F083
:10F6E0000705A4D50C23C8F80030002618E01F46F3
:10F6F000DCE90223D3609A60D9F804307A1B0F2A20
:10F7000003F0010309EB07001DD83B43C9F804309F
:10F71000436843F0010343604046FCF76DFA264618
:10F720003046BDE8F88FC907AED454F8083CA9EBC1
:10F73000030BDBF8043023F00302A0E7BDE8F84F29
:10F740001146FBF7A1BF09EB05012B4342F0010273
:10F75000C9F804304A60436843F00103436008314C
:10F760004046FBF795FED7E720F00300C21905F1EC
:10F77000100C624580F29180CA0785D454F8082C99
:10F78000A9EB020BDBF8042022F00302104400EB8B
:10F79000070AD4453FF773AF5E46DBF80C1056F806
:10F7A000080F3A1F242AC160886000F2AE80132A35
:10F7B00040F2A9802168CBF808106168CBF80C10E2
:10F7C0001B2A00F2A88008340BF110022168116096
:10F7D00061685160A16891600BEB0501AAEB05021D
:10F7E00042F0010299604A60DBF8043003F0010343
:10F7F0002B434046CBF80430FCF7FEF990E7236832
:10F800000360636843601B2A3CD804F1080200F1DE
:10F81000080354E750F8043C23F003031F446BE74C
:10F820003A1F5E46DBF80C3056F8081F242ACB60DE
:10F83000996022D8132A1ED92368CBF80830636850
:10F84000CBF80C301B2A3BD808340BF1100322688C
:10F850001A6062685A60A2689A6034465746D94670
:10F860004AE72146FFF7F8FD2FE7DCE902133A1FCC
:10F87000CB609960D5E73346E9E721463046FFF78C
:10F88000EBFDEAE7A3688360E368C360242A27D01E
:10F8900004F1100200F1100311E709EB0501996072
:10F8A000531B43F001034B6054F8043C03F0010385
:10F8B0002B43404644F8043CFCF79EF926462FE7CC
:10F8C000A368CBF81030E368CBF81430242A10D0AA
:10F8D00010340BF11803BAE74046FCF78DF904E742
:10F8E000236903616169416104F1180200F11803A1
:10F8F000E5E62369CBF818306369CBF81C3018347F
:10F900000BF12003A3E7324660E721463046FFF7BC
:10F91000A3FD074B60E7A168CBF81010E168CBF8B6
:10F920001410242A06D010340BF118024EE700BF41
:10F93000A00100242269CBF818206269CBF81C20B2
:10F9400018340BF1200241E72DE9F04F8BB0DDE9CF
:10F95000157A86461E46002F5AD0156800295CD0BD
:10F96000149B002B69D0741E4EB3043DCDE9015E9B
:10F97000DDF850B004910026039105920BE0039B43
:10F980000BBB019B1868002836D0DC4557D2013CE0
:10F99000631C664613D0019B029853F8042F019311
:10F9A000DAF8E0503B4607A9D7E90098A847421C7F
:10F9B00037D000EB060CDC45E1D9C7E900983046AA
:10F9C0000BB0BDE8F08F00280EDD049B019D1844AC
:10F9D0005A1E07A900F1FF3E11F8013B02F8013F52
:10F9E0007245F9D101950490059B1A6804321A609A
:10F9F000019B18680028C8D10399059A01B11060CD
:10FA00000CF1FF36002230463A600BB0BDE8F08FB3
:10FA1000156800F586770029A2D14FF0FF331493C3
:10FA2000A1E7DDF808E006468A2100223046CEF83C
:10FA300000103A600BB0BDE8F08F149EBFE7664639
:10FA4000BDE700BF10B584B0054C0698009007983C
:10FA50000190044800680294FFF776FF04B010BDDF
:10FA6000A8050024480000240EB410B583B005ABEF
:10FA7000064C53F8042B01930146206800F008F867
:10FA800003B0BDE8104003B0704700BF4800002439
:10FA90002DE9F04FC7B016AFCDE906218346082205
:10FAA000002138461C460C93FBF774FBBBF1000F9A
:10FAB00004D0DBF83430002B00F02786079B5A6E09
:10FAC000B3F90C30D00702D4990540F10A859E04A1
:10FAD00006D4079943F4005322F400528B814A66FE
:10FAE000950400F1C386079AB2F90C30190740F16A
:10FAF000CB801269002A00F0C78003F01A020A2A9C
:10FB000000F0D18000239E46CDE90FEECDE91B33F6
:10FB1000DFF8F8A8CDF838E01DAB1A939946CDF878
:10FB200020E0CDF834E0069DDAF8E440FDF790FFE0
:10FB3000009703462A4614A95846A047002800F01B
:10FB4000D180C0F2C780149A252A034601D01D44F3
:10FB5000EAE7069BEE1A044640F0C88000234FF007
:10FB6000FF316A788DF84B3009936C1C0591039333
:10FB70000134A2F120035A2B00F2F980DFE813F0E0
:10FB80006002F700F7005A02F700F700F7006A007A
:10FB9000F700F700E801F901F700F3010402F700AC
:10FBA000FE015B005B005B005B005B005B005B00D9
:10FBB0005B005B00F700F700F700F700F700F700C5
:10FBC000F700F700F7009D016A02F700F700F70061
:10FBD000F700F700F700F700F700F700F700200242
:10FBE000F700F700F7007601F7008D02F700F70045
:10FBF000E704F700F700F700F700F700F700F70059
:10FC0000F700F700F7009D01C201F700F700F700C9
:10FC10008402C2017E00F7000A03F700FB02E4043D
:10FC2000DA027E00F70076017C00E104F700F700BD
:10FC30000A05F7007C00A2F13003002114F8012B23
:10FC400001EB810103EB4101A2F13003092BF5D94E
:10FC500009918EE75846FDF701FF43680F93184658
:10FC6000F0F76EFE109005465846FDF7F7FE8368E4
:10FC70000E93002D40F05684227879E7039B22787A
:10FC800043F02003039373E7079D5846294601F08C
:10FC900003F8002840F01E86B5F90C3003F01A0274
:10FCA0000A2A7FF42FAF0799B1F90E20002AFFF638
:10FCB00029AF4A6ED60702D49D0540F1CB85DDE918
:10FCC00006212346584600F017FE0890089847B0D2
:10FCD000BDE8F08F082200213846FBF75BFA0123CC
:10FCE0001D4421E7069BEE1A044612D0069BC9E983
:10FCF00000361C9B33441C931B9B0133072B1B9327
:10FD000011DC09F10809089B33440893002C7FF4A7
:10FD100025AF1C9B002B40F0B885079B0022B3F950
:10FD20000C301B9218E007991AAA584600F024FEDE
:10FD300078B90DF17409E6E707991AAA584600F058
:10FD40001BFE00287ED00B9B1BB10B995846FBF77E
:10FD50009FFB079BB3F90C30079A526ED1077CD5F5
:10FD60005B0600F18D85089847B0BDE8F08F0694DA
:10FD7000002ACED000238DF84B3001238DF8B4201B
:10FD800004930A932DAC00230B930593039810F072
:10FD90008408DDE91B2105D10998049D451B002D30
:10FDA00000F3D6829DF84B0078B101320120013179
:10FDB000C9F80400072A0DF14B00CDE91B21C9F851
:10FDC000000000F3FA8209F108097BB1013213A89F
:10FDD0000231C9F80000072A4FF00200CDE91B21CB
:10FDE000C9F8040000F3F88209F10809B8F1800F9E
:10FDF00000F00C82059B0A981D1A002D00F34A8220
:10FE00000A9BC9F8004001321944072ACDE91B2199
:10FE1000C9F8043000F3798209F10809039B5807F7
:10FE200005D5099B049A9C1A002C00F3E282DDE9B7
:10FE3000083204988242ACBF9B181B180893002913
:10FE40007FF47AAF00231B930B9B1BB10B99584691
:10FE5000FBF71EFB0DF1740965E69A0580D4079C3B
:10FE6000A06DFBF7A7FAB4F90C3079E70C9E069465
:10FE700056F8044B00238DF84B30002C00F05D84C5
:10FE8000532A00F0A283039B13F0100540F09D83DA
:10FE9000059B002BC0F2CD841A4629462046F0F778
:10FEA000EFFC0B90002800F00685031BCDE90A3516
:10FEB00023EAE373049300F09DBC0C9B0694432A51
:10FEC00003F1040503D0039BD80640F167830822A1
:10FED000002118A8FBF75EF90C9B2DAC1A6821468F
:10FEE00018AB5846FFF726FA034601330A9000F094
:10FEF000D6840A9B23EAE373049300230C958DF8C0
:10FF00004B3040E7039B0694990640F1AC800C9B74
:10FF1000073323F0070319465A6851F8083B0C9140
:10FF20001146002AC0F23F81059A002AC0F248819A
:10FF3000039A22F08002039253EA010240F04081CA
:10FF4000059B002B40F08B8404930A9346AC49E157
:10FF50000C9B53F8042B0992002A80F2BA82099A6A
:10FF60000C9352420992039B227843F004030393BB
:10FF7000FEE52B2322788DF84B30F9E5039B2278A0
:10FF800043F080030393F3E5204610F8012B2A2A5F
:10FF900000F09584A2F13003092B98BF002100F2F4
:10FFA000608410F8012B01EB810103EB4101A2F108
:10FFB0003003092BF5D941EAE17305930446D8E5EE
:10FFC000039B069443F0100212F0200100F05182CE
:10FFD0000C9B073323F007031846596850F8083B79
:10FFE0000C9022F480640394059C002084428DF8D8
:10FFF0004B007CDB53EA010422F4906240F08183E1
:020000040801F1
:10000000039C0392059B002B69D1002840F05C8281
:1000100014F001020A9200F0608230238DF817314B
:100020009DF84B3004920DF21714002B40F0DF8046
:100030000B93E1E0039B227843F00103039397E5E0
:100040009DF84B302278002B7FF492AD20238DF861
:100050004B308DE5039B069443F010030393039B01
:1000600099063FF554AF0C9A52F8043B0C92039A50
:10007000D20600F14382039A560640F13B8243F3D5
:10008000C0310A461BB24CE72278039B682A00F075
:10009000958243F0400303936AE5039B069443F083
:1000A000100414F0200100F0F3810C9B073323F0BF
:1000B00007031A46596852F8083B0C9200228DF843
:1000C0004B20059A002AC0F21E8324F0800203927E
:1000D00053EA010274D1059B0120002B95D0012821
:1000E00000F0BD8300230228194600F01A8146ACB7
:1000F00003F00702DB0843EA4173C908303253EAD0
:100100000105204604F8012DF2D1039BDD0740F1E3
:100110001681302A00F013813023059A04F8013C3F
:10012000023846AB1B1A9A42B8BF1A460A930446D5
:10013000049257E0039B0C9A069443F00203039346
:1001400052F8043B0C9247F63002ADF84C20AD4A11
:100150000D92002100228DF84B20059A002AC0F252
:10016000E080039C53EA010024F08002039240F0F7
:10017000D880022046E7039B06949C0640F1C1818B
:100180000C9B089A1B681A60D2175A600C9B0433A8
:100190000C93C8E42278039B6C2A00F0088243F099
:1001A00010030393E4E42D228DF84B20059A5B4263
:1001B00061EB4101002A03DB039A22F080020392E3
:1001C0000A2B71F1000280F039823033DBB28DF8F6
:1001D0001731059B012BB8BF0123049301230A9318
:1001E0000DF217149DF84B30002B3FF421AF002384
:1001F0000B93049B01330493039B13F002033FF41E
:10020000C5AD049B023304930223BFE5099B049808
:100210001D1A002D7FF7EEAD102DDFF8EC8126DDE5
:1002200040464B46A046DDF81C901026044604E0EC
:10023000103D102D03F1080315DD01321031072A9E
:10024000C3E90046CDE91B21F2DD1AAA494658460A
:1002500000F092FB00287FF476AD103D102DDDE913
:100260001B211DABE9DC99462346444698460132E2
:100270002944072ACDE91B21C9F80080C9F8045098
:1002800000F34882059B0A981D1A002D09F1080900
:100290007FF7B6AD102DDFF8708128DD4B461026B4
:1002A000A9462546079C06E0A9F11009B9F1100FEF
:1002B00003F1080318DD013253481031072AC3E95E
:1002C0000006CDE91B21EFDD1AAA2146584600F0B1
:1002D00053FB00287FF437ADA9F11009B9F1100FD5
:1002E000DDE91B211DABE6DC2C464D46994601326B
:1002F0002944072ACDE91B21C9F80080C9F8045018
:1003000000F3D58009F108097AE507991AAA584639
:1003100000F032FB00287FF416AD1C990DF1740932
:100320007CE50D9846AC03F00F021B09825C04F8D3
:10033000012D43EA0173090953EA0102F3D1059A39
:1003400046AB1B1B9A42B8BF1A460A93049249E770
:10035000102D2F4E23DD48461193A146079C04E043
:10036000103D102D00F1080016DD01321031102370
:10037000072ACDE91B2106604360F1DD1AAA214658
:10038000584600F0F9FA00287FF4DDAC103D102D3E
:10039000DDE91B211DA8E8DC119B4C46814601329A
:1003A0002944072ACDE91B21C9F80060C9F8045087
:1003B00000F3978109F10809F4E4079911931AAA47
:1003C000584600F0D9FA00287FF4BDACDDE91B21C6
:1003D000119B0DF17409F8E407991AAA584600F028
:1003E000CBFA00287FF4AFACDDE91B210DF17409D5
:1003F000FCE4102C1B9B064E28DDDDF81C8010252C
:100400000DE000BFA0180108D41C0108A8050024B5
:10041000E41C0108103C102C09F1080916DD013319
:100420001031072BC9E90065CDE91B31F2DD1AAAAD
:100430004146584600F0A0FA00287FF484AC103CF6
:10044000102CDDE91B310DF17409E8DC0133214486
:10045000072BC9E90064CDE91B317FF7E8AC0799A8
:100460001AAA584600F088FA00287FF46CAC1C9950
:10047000DDE40C9850F8043B0C9012F010007FF46F
:10048000B0AD12F0400400F062819BB20146A8E5D5
:100490000C9A52F8043B0C9214F010027FF40EAE4A
:1004A00014F0400000F059819BB2114606E607990E
:1004B0001AAA584600F060FA00287FF444ACDDE93F
:1004C0001B210DF174099BE4059B04930A9346AC30
:1004D00088E622780C93FFF74BBB059B049346AC50
:1004E00080E6079DA86DFAF763FFB5F90C306A6ED8
:1004F000FFF7EDBA039A950500F18781D9170A46EF
:100500000FE5039BD80600F11381039B590600F108
:100510008B81039B9A0540F10B810C9B089A1B6809
:100520001A7033E60E9B2278002B3FF421AB1B7828
:10053000002B3FF41DAB039B43F480630393FFF751
:1005400017BB0694039CACE5039A06943CE5B24BBA
:1005500006940D93039B13F020015FD00C9B07338F
:1005600023F007031846596850F8083B0C90039C89
:10057000E6070AD553EA010007D08DF84D2044F074
:100580000202039230228DF84C20039A22F48062FA
:100590000392DFE5A14B06940D93DBE70C9B1B68F0
:1005A0008DF8B430012304930A932DACA5E443F0F5
:1005B0002003627803930134FFF7DABA43F400733F
:1005C000627803930134FFF7D3BA0822002118A8F8
:1005D0001594FAF7DFFD059B002BC0F2DC800025A7
:1005E000CDF81090A84699460EE02DA95846FEF782
:1005F000A1FE431C404400F05281484509DC05F14E
:10060000040500F054818046159A525918AB002A0F
:10061000EBD1DDF81090CDF82880C9E00C9850F8A7
:10062000043B0C90039810F01000A0D1039911F036
:10063000400400F099809BB2014698E7039ACDF8F8
:10064000109046AC02F48062A146CDF828B0744EFA
:10065000DDF838B04FF0000C144605E00A2B71F1BC
:10066000000136D3434629465A1842F10002A6FB40
:10067000020525F0030000EB9500121A981A4FF0BE
:10068000CC3561F1000E05FB00F506FB0E55A0FB15
:100690000680054408F0010E0520AEFB000E801810
:1006A0004FEA5808303009F8010C48EAC5780CF1D7
:1006B000010C09F1FF396D08002CCFD09BF8002008
:1006C0006245CBD1BCF1FF0FC8D00A2B71F10001FC
:1006D00051D2CDF838B04C46DDF828B0DDF8109096
:1006E0002DE6079911931AAA584600F045F90028FB
:1006F0007FF429ABDDE91B21119B0DF17409FFF794
:1007000051BB0392F3E403945AE55846FAF792FC7E
:10071000FFF7D4B907991AAA584600F02DF9002816
:100720007FF411ABDDE91B210DF17409FFF762BB0A
:100730000C9B089A1B681A6028E5059B394C0C969F
:10074000062B28BF06230A930493FFF71CBB12F461
:1007500000711CBFDBB2214643E414F400713FF486
:10076000ADACDBB20146A9E4039911F400711CBFE2
:10077000DBB22146FBE6109B0F99A9EB03091A4651
:100780004846FDF731F99BF801300BB10BF1010B35
:100790004FF0000C66E718AB00930023194615AA2A
:1007A0005846FEF7EDFD034601330A9077D01594C5
:1007B0000A9BE3B1632B45DC00230B932DAC08228D
:1007C000002118A8FAF7E6FC0A9D18AB009315AAB9
:1007D0002B4621465846FEF7D3FD854240F08580E2
:1007E0000A9A0023A35422EAE273049302E00A9BCC
:1007F00004930B939DF84B301BB100230C9605938B
:10080000F7E405930C96FFF7C1BA43F3C0110A460B
:100810005BB2FFF786BB00BFB4180108A01801083F
:10082000CDCCCCCCC81801080C9B089A1B681A8048
:10083000ACE42046F0F784F820EAE073CDE90A053D
:100840000493D7E7591C5846FAF71EFF044630B305
:100850000B90B4E7886DFAF7ADFDFFF730BA30239F
:10086000B5E4002304460593FFF783B9D40707D402
:10087000079B9B89980503D4079B986DFAF79AFD0F
:100880004FF0FF330893FFF76EBA07991AAA58463C
:1008900000F072F800283FF440AAFFF75ABA079A0E
:1008A000B2F90C3043F040039381FFF755BADDE90C
:1008B00004930A937CE7059B04930A939AE70C9BA5
:1008C000627853F8041B0C9341EAE17104460591E8
:1008D000FFF74EB9079A536EDB07D1D493899F0572
:1008E000CED4906DFAF766FDCAE7079A938943F074
:1008F00040039381FFF727BAF0B51F468B89ADF20D
:100900006C4D23F00203ADF80C301AAB0093049346
:100910004FF48063029305934B6E1993CB89ADF826
:100920000E30CB6907934B6A0993154600230646A0
:1009300016A80C460693FAF737FD2A463B46694649
:100940003046FFF7A5F8051E07DB69463046FDF780
:1009500021F8002818BF4FF0FF35BDF80C305B06BA
:1009600003D5A38943F04003A3811698FAF71EFD2F
:1009700028460DF26C4DF0BD936810B514461BB9B6
:1009800018460023636010BD00F006F80023A36042
:100990000023636010BD00BF9368002B00F0F88057
:1009A0002DE9F04FB1F90CC01CF0080F83B0904650
:1009B00081460C4631D00B697BB31CF00207D8F896
:1009C000006038D00027D4F824B0E169DFF8C4A271
:1009D0003D4655452B463A4628BF53464846C5B185
:1009E000D847002840F3CA80D8F808301B1A0744BB
:1009F0002D1AC8F80830002B00F0B68055452B465C
:100A0000D4F824B0E16928BF53463A464846002D41
:100A1000E6D1D6E900750836DBE72146484600F006
:100A20003BF9002840F0AF80B4F90CC0D8F8006062
:100A30001CF00207C6D11CF0010A63D12368A1682B
:100A4000574618468B46002F58D01CF4007F00F004
:100A5000B580B9420A4600F2E1801CF4906F2FD0B5
:100A6000216962695D1A02EB420202EBD2726B1CD1
:100A700052103B44934292BF93469B461A461CF445
:100A8000806F00F0EA8011464846FAF7FDFD002825
:100A900000F0F9802A4621690090EFF757FEA289FD
:100AA000009B22F4906242F08002A2815819ABEBC5
:100AB0000505C4F814B02361A5602060BB463A4622
:100AC00051460092FEF7C8FCA1682368009AA1EB8A
:100AD0000B011A443D46A16022600027D8F8083077
:100AE0005B1BAA44C8F80830002B3DD02368A168DE
:100AF000B4F90CC018468B46002FA6D1D6E900A742
:100B000008369EE73846BB463D460097002D41D04B
:100B1000002846D0009A2068A168D4E90473AA424C
:100B200028BF2A46B84204D901EB030A524500F314
:100B30008580934275DCE169676A5A464846B84742
:100B4000B0F1000A1ADD009BB3EB0A0300930FD04B
:100B50000120D8F80830A3EB0A03D344A5EB0A051B
:100B6000C8F80830002BD1D1002003B0BDE8F08FC9
:100B700021464846FCF70EFF0028EAD0B4F90C30B5
:100B800043F04003A3814FF0FF3003B0BDE8F08F86
:100B900000207047756833460836002DFAD0D3F828
:100BA00000B02A460A215846EFF76AFE002867D0AF
:100BB0000130A0EB0B0300931A46ACE722699A427E
:100BC00014D36269BA4211D86FF00043BB4228BF08
:100BD0003B46656A93FBF2F3E16902FB03F3484687
:100BE0005246A847051EC9DD7F1B77E7B94228BFDB
:100BF00039460D4618460A465146FEF72DFCA168B7
:100C00002368491B2B44A16023600029ECD12146B5
:100C10004846FCF7BFFE0028E6D0AFE7BB463A46A1
:100C20004EE759460192FEF717FC019AA3689B1AFA
:100C3000A360236813442360924684E759465246D2
:100C4000FEF70AFC23685344236021464846FCF71C
:100C5000A1FE00283FF477AF90E74846FEF7D2FCAC
:100C6000034600287FF422AF21694846FAF710FCBA
:100C7000B4F90C300C22C9F8002023F080037FE780
:100C80006A1C009247E70C22B4F90C30C9F8002026
:100C900076E700BF00FCFF7F38B52F4B1B68054689
:100CA0000C4613B15A6B002A4BD0B4F90C3018071C
:100CB0001CD5226922B313F0010107D0616900201D
:100CC0004942A060A1613AB1002038BD980758BFE1
:100CD0006169A160002AF7D1190658BF1046F4D502
:100CE00043F04003A3814FF0FF3038BDD9062CD527
:100CF0005A0712D4226943F00803A381002ADAD1EB
:100D000003F42071B1F5007FD5D02146284600F0CC
:100D10002DF8B4F90C302269CDE7216B51B104F103
:100D20004002914204D02846FAF7B2FBB4F90C30E5
:100D30000022226322690021C4E9002123F0240358
:100D4000D9E71846FAF776F9AFE7092243F04003EE
:100D50002A60A381C7E700BF4800002408B5062029
:100D600000F072F80120F0F73BFF00BF2DE9F041E1
:100D7000B1F90C300C46990796B008D504F143033D
:100D80000122C4E90432236016B0BDE8F081B4F951
:100D90000E100029064626DB6A4600F081F800287E
:100DA0001FDB019D05F47045A5F50055B5FA85F5E5
:100DB0004FF480686D094FF4006741463046FAF7FA
:100DC00063FCE8B1B4F90C30C4F8148043F080033C
:100DD00020602061A3813DBB3B43A38116B0BDE8E9
:100DE000F081B4F90C3013F0800519D04FF04008B1
:100DF0000025414630462F46FAF746FC0028E1D14F
:100E0000B4F90C309A05BFD423F0030304F1430274
:100E100043F002030121C4E90421A3812260B3E766
:100E20004FF480682F46C8E7B4F90E10304600F042
:100E30004DF810B9B4F90C30CEE7A38923F00303C1
:100E400043F001031BB2C7E738B5144B1F281D68D8
:100E50001ED8D5F83821044662B152F820304BB183
:100E6000012B05D0591C0FD0002142F820109847C3
:100E7000002038BD284600F051F822460146284699
:100E8000BDE8384000F034B816232B60012038BD8F
:100E900016232B604FF0FF3038BD00BF4800002400
:100EA00070B50C46084D03460026204611461C46E8
:100EB0002E60F0F7BCFE431C00D070BD2B68002BE9
:100EC000FBD0236070BD00BFC48C002438B5074D33
:100ED0000022044608462A60F0F7AEFE431C00D00C
:100EE00038BD2B68002BFBD0236038BDC48C002498
:100EF00070B50C46084D03460026204611461C4698
:100F00002E60F0F765FE431C00D070BD2B68002BEF
:100F1000FBD0236070BD00BFC48C0024F0F756BE28
:100F200038B52DED028B55EC104B00F069F82246D8
:100F30002B4620462946B0EE408AF0EE608AF0F754
:100F400005F830B90022002320462946EFF7D6FFE6
:100F500030B9B0EE480AF0EE680ABDEC028B38BD3D
:100F6000FAF7F4F900220023212101601046194606
:100F7000EFF77CFE41EC180BB0EE480AF0EE680A81
:100F8000BDEC028B38BD00BF08B52DED028BB0EE75
:100F9000408A00F02BF9B4EE488AF1EE10FAF0EE38
:100FA000408A0AD6B0EE480A00F01CF8F7EE007A44
:100FB000B4EEE70AF1EE10FA04DCB0EE680ABDEC1C
:100FC000028B08BDFAF7C2F9BDEC028B0346212261
:100FD0001A600248BDE8084000F00CB8041A010885
:100FE00000F000BA10EE103A23F0004300EE103A81
:100FF000704700BF9FED010A704700BF0000C07F2F
:101000002DE9F84F764955EC104BA94300F0AB8021
:10101000002D2A46234655DD2C1562D0C2F313025B
:10102000E107A4F2FF3742F4801203D4D90F01EB99
:1010300042025B005200002602EBD3727F105B007D
:101040001624B4464FF400110CEB010090424FEA15
:10105000D3754FEA430303DC00EB010C121A0E4474
:10106000013C05EB42024FEA5101EDD1A04620259B
:101070004FF000400AE043D0510001EBD371013D35
:101080000A464FEA43034FEA500045D0944508EB27
:10109000000EF0DABEF1000F0EEB00080CDBE146AB
:1010A000A2EB0C019E4588BF01F1FF314900CC46FF
:1010B000A3EB0E030444E0E7B8F1000FEFDB0CF103
:1010C0000109EDE725F00041214346D0002D71D103
:1010D000D90A153A5B050029FAD0CE02144676D417
:1010E0000A4600215200D502084601F10101F9D556
:1010F000C1F1200523FA05F52A438B40241A8DE718
:101100009E4502D94FEA4C01B7E7BEF1000F0EEB46
:10111000000824DB0021CBE7194312D0DFF8C4A07C
:10112000DFF8C4B0DAE90001DBE90023EFF7ECF8FF
:10113000DAE9008902460B4640464946EFF7E8FEE9
:10114000F8B96508711001F17F5101F5001101EB4B
:10115000075345EAC67243EC102BBDE8F88FB8F18F
:10116000000FACDAD6E722462B4620462946EFF799
:1011700053FC22462B46EFF7C9F841EC100BBDE8B3
:10118000F88FB4F1FF3FDAE90001DBE9002322D058
:10119000EFF7BCF8DAE9008902460B4640464946BB
:1011A000EFF7ACFEC8B1A31C04F1020508BF01367D
:1011B0006D08C7E722462B4620462946EFF7A4F8DC
:1011C00002460B46EFF752FD41EC100BC5E74FF01E
:1011D000FF300A4692E70136B4E70134B1E700BFB9
:1011E0000000F07F001D0108F81C010838B510EE62
:1011F000105A25F00044B4F17E5F2DED048BF0EE23
:10120000407A7FD077D8B4F17C5F0ED2B4F1485FDA
:1012100080F092809FED637A30EE077AF7EE006AF5
:10122000B4EEE67AF1EE10FA62DCB0EE670AFFF790
:10123000D9FEF7EE007A37EEC08AB6EE007A28EED5
:10124000078ADFED596A9FED597A9FED596A9FED44
:10125000595ADFED595ADFED598AE8EE076A9FEDDA
:10126000587AA8EE067A9FED576AA6EE885AA7EE3E
:10127000086A9FED557ADFED556AE5EE085AA6EE4D
:10128000087AE5EE886AE7EE087AE6EE888AB0EE3C
:10129000480AB0EE679A00F023FA4D4B9C4268EE84
:1012A000888A3AD810EE103A6FF30B0306EE903AA4
:1012B000A6EEE68A70EE267A88EE895AC8EE274AAC
:1012C0009FED447ADFED447AB0EE006AA4EEC67A70
:1012D00030EE000AF0EE675A90EE057AE6EEC65A56
:1012E00037EE657A37EEC70A002D01DCB1EE400A11
:1012F000BDEC048B38BDBDEC048B70EE407A87EEFC
:10130000A70A38BDBDEC048B9FED320A9FED337AFE
:1013100027EE800AA7EE870A38BD88EE896A9FED1E
:10132000307ADFED2E7AA0EE060AF0EE006AA0EE2B
:10133000267A37EEC70AD7E720EE007ADFED1B6A80
:101340009FED196ADFED1B5A9FED195ADFED1A4A1E
:10135000A7EE266ABDEC048BE6EE075ADFED186AAD
:101360009FED186AE7EE056AE5EE874AA6EE876A02
:101370009FED165ADFED145ADFED106AA4EE875A7E
:10138000E6EE075AE5EE076AB7EE006AA5EE876A51
:1013900026EE877AC7EE066AE0EE267AB0EE670A96
:1013A00038BD00BFCAF24971047F4F3A08EF1138C7
:1013B0002EC69D3D461124BDA80A4E3EABAA2A3E2C
:1013C000613330BF2D57014039D119C090B0A6BE4E
:1013D0009999793F2EBD3BB3DB0F493FDB0FC93FE6
:1013E0002EBD3B3310B582B0CDED010A019B23F039
:1013F0000042B2F1FF4FF0EE407A30D810EE100A02
:1014000020F00041B1F1FF4F29D8B3F17E5F42D007
:101410009C1704F0020444EAD07431B37AB3B2F1F9
:10142000FF4F40D0B1F1FF4F29D0891AB1F1F45FDD
:101430004FEAE15234DA002B42DA3C3240DA9FEDD7
:10144000340A012C4ED0022C43D064B19FED317A86
:10145000DFED317A30EE070A30EE670A03E09DEDEA
:10146000017A37EE270A02B010BD022C10D09FED92
:101470002B7A032C08BFB0EE470A02B010BD9FEDD7
:10148000280ADFED287A0028A8BFB0EE670AEAE74D
:101490009FED210AE7E702B0BDE8104000F04AB82E
:1014A0009FED200ACDE7B1F1FF4F04F1FF3420D0CA
:1014B000022C26D81C4B03EB840393ED000AD2E7E1
:1014C0009DED017A87EE870AFFF78CFD00F032F878
:1014D000B7E79FED107ADFED107A30EE070A37EEAE
:1014E000C00AC0E710EE103A03F1004300EE103AD4
:1014F000B9E7022C08D80D4B03EB840393ED000AE7
:10150000B1E79FED030AAEE79FED090AABE700BF25
:10151000000000002EBDBB33DB0F4940DB0F49C08C
:10152000DB0FC9BFDB0FC93F081D0108141D0108EF
:10153000DB0F493F38B510EE105A25F00044B4F1E6
:10154000A14FF0EE407A0DD3B4F1FF4F5BD8DFED41
:10155000517A9FED517A002DCCBFB0EE470AB0EE24
:10156000670A38BD4D4B9C425CD8B4F1445F4DD303
:101570004FF0FF3327EEA76A9FED495A9FED497A56
:10158000DFED495ADFED494A66EE066A5A1CA6EEBF
:10159000857AE6EEA54A9FED465ADFED465AA7EE5C
:1015A000265AE4EEA65A9FED447ADFED444AA5EEB2
:1015B000267AE5EEA64A9FED425ADFED425AA7EEA3
:1015C000265A9FED417AA4EEA67AE5EE265A27EE3A
:1015D000267AA5EE867A27EE877A38D03B493C4AB0
:1015E00001EB8301D1ED006A37EE667A02EB8303EB
:1015F000D3ED006A37EE677A002D36EEC70AB0DA0F
:10160000B1EE400A38BD30EE000A38BD9FED317AA8
:1016100030EE077AF7EE006AB4EEE67AF1EE10FAF1
:10162000A6DD38BDFFF7DEFC2B4B9C4212D8A3F59C
:10163000D0039C4223D8F0EE007ABFEE007AA0EEF1
:10164000277A002330EE270AC7EE007A92E737EEBA
:10165000C70A38BD214B9C420BD8F7EE087AB7EE8B
:10166000007AA0EE277A022330EE670AC0EE077AEE
:1016700080E7BFEE007AC7EE007A03237AE7F7EE41
:10168000007A30EE677A30EE270A0123C7EE007A3F
:1016900070E700BFDB0FC9BFDB0FC93FFFFFDF3EB5
:1016A000D769853C59DA4B3D21A215BD6BF16EBD62
:1016B000356B883D95879DBD6E2EBA3D388EE3BD56
:1016C0002549123EABAAAA3ECDCC4CBE201D010836
:1016D000301D0108CAF24971FFFF973FFFFF1B4011
:1016E000B1EEC00A704700BFF8B500BFF8BC08BC37
:1016F0009E467047F8B500BFF8BC08BC9E467047D0
:1017000074180108D9130008000000000000000050
:1017100080000000000000000000000068180108C0
:10172000AD9A0008FDFF000000000000000400006A
:101730000000000000000000641801089D9C0008E3
:10174000FDFF00000000000080000000000000001D
:10175000000000005C180108659B0008FDFF000008
:101760000000000000010000000000000000000078
:1017700050180108C19B0008FDFF00000000000098
:1017800000040000000000000000000044180108F0
:10179000559A0008FDFF0000000000000001000055
:1017A00000000000000000003818010849A50008EA
:1017B000FDFF0000000000008000000000000000AD
:1017C000000000002C180108BDA40008FDFF000067
:1017D0000000000080000000000000000000000089
:1017E00000000000000000000000000000000000F9
:1017F00000000000010000000200000003000000E3
:1018000004000000000000000500000000000000CF
:1018100000000000000000000600000000000000C2
:1018200000000000000000000700000073746F70EB
:101830005F636865636B000073686F6F745F7461EA
:10184000736B000063616E5F73656E74000000006F
:10185000696D755F64617461000000006765745FA5
:10186000726300006C65640064656275675F756132
:101870007274000064656661756C745461736B000A
:1018800049444C45000000002564200D0A0000007A
:10189000494E4600696E66004E414E006E616E0014
:1018A00030313233343536373839616263646566D6
:1018B0000000000030313233343536373839414298
:1018C0004344454600000000286E756C6C290000FA
:1018D000300000002E0000004C435F434F4C4C4151
:1018E000544500004C435F435459504500000000EC
:1018F0004C435F4D4F4E4554415259004C435F4E4F
:10190000554D4552494300004C435F54494D4500F5
:101910004C435F4D4553534147455300496E6669FB
:101920006E697479000000004E614E0042616C6C7B
:101930006F63207375636365656465640000000010
:101940002F646174612F6A656E6B696E732F776F98
:10195000726B73706163652F474E552D746F6F6C9A
:10196000636861696E2F61726D2D31332F737263FD
:101970002F6E65776C69622D63796777696E2F6E5C
:1019800065776C69622F6C6962632F7374646C692C
:10199000622F64746F612E63000000002F64617415
:1019A000612F6A656E6B696E732F776F726B7370E0
:1019B0006163652F474E552D746F6F6C6368616965
:1019C0006E2F61726D2D31332F7372632F6E6577B9
:1019D0006C69622D63796777696E2F6E65776C69C4
:1019E000622F6C6962632F7374646C69622F6D700F
:1019F0007265632E630000002C2066756E63746947
:101A00006F6E3A2000000000617373657274696F35
:101A10006E2022257322206661696C65643A206617
:101A2000696C6520222573222C206C696E65202547
:101A300064257325730A00000000000001020304FE
:101A40000102030406070809000610160006101616
:101A50000001020304050607080C1014182030408A
:101A6000010002000400060008000A000C0010003B
:101A70002000400080000001080402040801010168
:101A800001010103070100000F0008108209110085
:101A90000A15800B16000C18010D00007D04017C56
:101AA000000240AB0341000553080658040700003C
:101AB0003030303030303030303030303030303026
:101AC0002020202020202020202020202020202016
:101AD00005000000190000007D000000000000006B
:101AE0000080E03779C34143176E05B5B5B893461A
:101AF000F5F93FE9034F384D321D30F94877825AE6
:101B00003CBF737FDD4F1575000000000000F03F03
:101B100000000000000024400000000000005940C8
:101B20000000000000408F40000000000088C3401B
:101B300000000000006AF8400000000080842E4190
:101B400000000000D01263410000000084D79741DC
:101B50000000000065CDCD41000000205FA00242E2
:101B6000000000E876483742000000A2941A6D4257
:101B7000000040E59C30A2420000901EC4BCD6424A
:101B800000003426F56B0C430080E03779C34143F5
:101B900000A0D8855734764300C84E676DC1AB436B
:101BA000003D9160E458E143408CB5781DAF154489
:101BB00050EFE2D6E41A4B4492D54D06CFF0804464
:101BC000F64AE1C7022DB544B49DD9794378EA4479
:101BD00000202020202020202020282828282820FD
:101BE00020202020202020202020202020202020F5
:101BF000208810101010101010101010101010105D
:101C0000100404040404040404040410101010104C
:101C10001010414141414141010101010101010116
:101C20000101010101010101010101011010101068
:101C300010104242424242420202020202020202E8
:101C4000020202020202020202020202101010103C
:101C50002000000000000000000000000000000064
:101C60000000000000000000000000000000000074
:101C70000000000000000000000000000000000064
:101C80000000000000000000000000000000000054
:101C90000000000000000000000000000000000044
:101CA0000000000000000000000000000000000034
:101CB0000000000000000000000000000000000024
:101CC0000000000000000000000000000000000014
:101CD00000000000303030303030303030303030C4
:101CE00030303030202020202020202020202020B4
:101CF000202020200000000059F3F8C21F6EA5012B
:101D0000000000000000F03F00000080DB0F4940B1
:101D1000DB0F49C0DB0F49BFE4CB1640E4CB16C054
:101D20006937AC3168212233B40F14336821A233F0
:101D30003863ED3EDA0F493F5E987B3FDA0FC93FCB
:081D40000CEAFE7F0100000027
:081D4800B9B3000831100008D6
:041D5000091000086E
:101D54000000803F000000000000000000000000C0
:101D64000090D0030090D003010000001000000098
:101D7400AAAAAAAA58A08B3AE7416B3A0000803F6E
:101D8400000000410000003F0000000000000000CF
:101D940003000000888B0024500000240000000091
:101DA40000000000888B0024F08B0024588C002451
:101DB400000000000000000000000000000000001F
:101DC400000000000000000000000000000000000F
:101DD40000000000000000000000000000000000FF
:101DE40000000000000000000000000000000000EF
:101DF40000000000000000000000000000000000DF
:101E040000000000000000000000000000000000CE
:101E140000000000000000000000000000000000BE
:101E240000000000000000000000000000000000AE
:101E3400000000000000000001000000000000009D
:101E44000E33CDAB34126DE6ECDE05000B00000062
:101E5400000000000000000000000000000000007E
:101E6400000000000000000000000000000000006E
:101E7400000000000000000000000000000000005E
:101E8400000000000000000000000000000000004E
:101E9400000000000000000000000000000000003E
:101EA400000000000000000000000000000000002E
:101EB400000000000000000000000000000000001E
:101EC400000000000000000000000000000000000E
:101ED40000000000000000000000000000000000FE
:101EE400CC8C0024FFFFFFFF000002000000000074
:101EF4000000000000000000A0010024A001002454
:101F0400A8010024A8010024B0010024B001002489
:101F1400B8010024B8010024C0010024C001002439
:101F2400C8010024C8010024D0010024D0010024E9
:101F3400D8010024D8010024E0010024E001002499
:101F4400E8010024E8010024F0010024F001002449
:101F5400F8010024F80100240002002400020024F7
:101F640008020024080200241002002410020024A5
:101F74001802002418020024200200242002002455
:101F84002802002428020024300200243002002405
:101F940038020024380200244002002440020024B5
:101FA4004802002448020024500200245002002465
:101FB4005802002458020024600200246002002415
:101FC40068020024680200247002002470020024C5
:101FD4007802002478020024800200248002002475
:101FE4008802002488020024900200249002002425
:101FF4009802002498020024A0020024A0020024D5
:10200400A8020024A8020024B0020024B002002484
:10201400B8020024B8020024C0020024C002002434
:10202400C8020024C8020024D0020024D0020024E4
:10203400D8020024D8020024E0020024E002002494
:10204400E8020024E8020024F0020024F002002444
:10205400F8020024F80200240003002400030024F2
:1020640008030024080300241003002410030024A0
:102074001803002418030024200300242003002450
:102084002803002428030024300300243003002400
:1020940038030024380300244003002440030024B0
:1020A4004803002448030024500300245003002460
:1020B4005803002458030024600300246003002410
:1020C40068030024680300247003002470030024C0
:1020D4007803002478030024800300248003002470
:1020E4008803002488030024900300249003002420
:1020F4009803002498030024A0030024A0030024D0
:10210400A8030024A8030024B0030024B00300247F
:10211400B8030024B8030024C0030024C00300242F
:10212400C8030024C8030024D0030024D0030024DF
:10213400D8030024D8030024E0030024E00300248F
:10214400E8030024E8030024F0030024F00300243F
:10215400F8030024F80300240004002400040024ED
:10216400080400240804002410040024100400249B
:10217400180400241804002420040024200400244B
:1021840028040024280400243004002430040024FB
:1021940038040024380400244004002440040024AB
:1021A400480400244804002450040024500400245B
:1021B400580400245804002460040024600400240B
:1021C40068040024680400247004002470040024BB
:1021D400780400247804002480040024800400246B
:1021E400880400248804002490040024900400241B
:1021F4009804002498040024A0040024A0040024CB
:10220400A8040024A8040024B0040024B00400247A
:10221400B8040024B8040024C0040024C00400242A
:10222400C8040024C8040024D0040024D0040024DA
:10223400D8040024D8040024E0040024E00400248A
:10224400E8040024E8040024F0040024F00400243A
:10225400F8040024F80400240005002400050024E8
:102264000805002408050024100500241005002496
:102274001805002418050024200500242005002446
:1022840028050024280500243005002430050024F6
:1022940038050024380500244005002440050024A6
:1022A4004805002448050024500500245005002456
:1022B4005805002458050024600500246005002406
:1022C40068050024680500247005002470050024B6
:1022D4007805002478050024800500248005002466
:1022E4008805002488050024900500249005002416
:1022F4009805002498050024430000000000000015
:1023040000000000000000000000000000000000C9
:102314000000000000000000430000000000000076
:1023240000000000000000000000000000000000A9
:102334000000000000000000430000000000000056
:102344000000000000000000000000000000000089
:102354000000000000000000430000000000000036
:102364000000000000000000000000000000000069
:102374000000000000000000430000000000000016
:102384000000000000000000000000000000000049
:1023940000000000000000004300000000000000F6
:1023A4000000000000000000000000000000000029
:1023B40000000000000000004300000000000000D6
:1023C4000000000000000000000000000000000009
:1023D400000000000000000019F3000861EB000891
:1023E40000000000D01B0108D4180108041A0108D9
:1023F400041A0108041A0108041A0108041A01083D
:10240400041A0108041A0108041A0108041A01082C
:10241400FFFFFFFFFFFFFFFFFFFFFFFFFFFF0000C6
:10242400010041534349490000000000000000003E
:102434000000000000000000000000000000000098
:10244400000041534349490000000000000000001F
:102454000000000000000000000000000000000078
:042464000000000074
:04000005080021913D
:00000001FF
